age,gender,visit_month,visit_day,diagnosis_code,drug_cost,test_cost,total_cost,claim_flag
45,0,1,1,5,189.8,273.85,463.65,0
42,0,1,2,7,294.2,315.97,610.17,0
42,1,1,3,1,108.34,268.12,376.46,0
65,0,1,4,4,162.31,179.69,342.0,1
30,1,1,5,4,73.43,187.27,260.7,0
25,1,1,6,1,133.54,274.83,408.37,0
78,1,1,8,2,347.88,374.95,722.84,1
66,0,1,9,0,607.72,434.27,1041.99,1
29,0,1,10,9,127.57,233.91,361.48,0
70,1,1,11,3,464.69,627.57,1092.26,1
25,1,1,12,4,69.95,160.75,230.7,0
29,1,1,14,9,104.72,145.39,250.11,0
62,1,1,15,2,375.32,541.87,917.19,1
20,1,1,16,5,211.4,187.39,398.79,0
39,0,1,17,2,282.59,444.83,727.42,1
23,1,1,18,4,112.89,268.18,381.07,0
20,0,1,19,4,119.32,196.65,315.96,0
68,0,1,20,3,561.95,778.73,1340.69,1
55,0,1,21,3,601.53,647.26,1248.79,1
20,0,1,22,4,62.2,133.44,195.64,0
66,0,1,23,7,280.43,518.2,798.63,1
41,1,1,24,7,224.92,412.75,637.67,0
56,0,1,28,0,391.88,350.06,741.94,1
50,0,1,29,3,575.11,612.1,1187.2,1
20,1,1,30,1,90.66,183.72,274.38,0
39,1,1,31,9,154.56,253.34,407.9,0
20,1,2,1,8,132.25,259.28,391.53,0
37,1,2,2,1,106.43,158.7,265.12,0
27,0,2,3,9,101.46,175.06,276.52,0
36,0,2,4,5,202.92,374.07,576.98,0
35,0,2,5,7,265.13,436.82,701.95,0
82,1,2,6,2,284.06,390.25,674.31,0
59,0,2,7,2,282.09,421.37,703.47,1
27,0,2,8,5,227.91,310.64,538.56,0
37,1,2,9,6,107.95,109.05,217.0,0
20,0,2,10,6,77.71,153.27,230.99,0
39,1,2,11,4,57.75,107.43,165.19,0
45,0,2,12,3,548.23,777.11,1325.34,1
20,0,2,13,8,158.68,211.53,370.21,0
38,1,2,14,4,130.11,290.87,420.98,1
44,0,2,15,1,105.15,259.13,364.28,0
66,0,2,17,3,478.2,826.89,1305.09,1
32,0,2,18,4,53.2,195.54,248.74,0
61,0,2,19,3,563.38,860.02,1423.4,1
22,1,2,20,7,193.06,275.49,468.55,0
25,0,2,21,9,152.41,160.11,312.53,0
20,1,2,22,1,133.76,167.9,301.66,0
51,1,2,23,1,104.8,283.27,388.07,0
36,0,2,27,1,118.18,244.01,362.19,0
20,0,2,28,8,138.91,261.96,400.87,0
41,0,3,1,4,136.28,183.07,319.35,0
31,0,3,2,9,171.17,236.65,407.83,0
44,1,3,5,0,331.59,478.39,809.98,1
34,0,3,7,6,114.65,107.89,222.54,0
60,1,3,8,7,352.39,517.52,869.9,0
38,0,3,9,6,61.53,109.16,170.69,0
22,0,3,12,9,160.19,232.58,392.77,0
56,1,3,13,2,387.97,419.05,807.02,1
49,0,3,14,7,194.38,350.09,544.47,0
39,1,3,15,6,68.24,168.33,236.57,0
20,0,3,16,6,90.59,111.33,201.92,0
42,0,3,17,7,243.78,364.03,607.81,0
20,0,3,18,8,141.73,358.68,500.42,0
20,0,3,23,1,121.03,266.44,387.47,0
49,0,3,24,5,192.82,376.6,569.42,0
65,1,3,25,7,372.02,482.93,854.94,1
59,0,3,26,2,283.63,574.05,857.68,1
36,0,3,27,8,187.52,358.77,546.29,0
44,1,3,28,5,204.82,227.49,432.32,0
26,0,3,29,9,167.83,190.53,358.35,0
60,0,3,30,0,535.98,387.68,923.65,1
65,0,3,31,4,125.95,324.71,450.66,1
24,1,4,1,6,71.88,148.34,220.23,0
80,1,4,5,3,609.01,739.91,1348.92,1
20,1,4,10,6,89.37,202.55,291.91,0
73,1,4,14,3,569.61,665.02,1234.64,1
61,1,4,18,2,281.97,652.46,934.43,1
40,1,4,19,7,269.43,304.27,573.7,0
65,0,4,20,3,636.71,749.55,1386.25,1
20,1,4,21,5,215.46,229.91,445.37,0
41,1,4,25,7,155.93,304.49,460.42,0
60,1,4,26,0,364.86,422.61,787.47,1
64,1,4,27,4,68.21,224.86,293.07,0
47,1,4,28,0,476.96,316.95,793.91,1
20,0,4,29,4,126.87,103.23,230.1,0
37,0,4,30,7,263.07,435.79,698.86,0
35,0,5,1,8,107.17,331.85,439.02,0
41,0,5,2,4,139.5,183.68,323.18,0
24,0,5,3,4,107.19,160.87,268.06,0
66,0,5,5,2,247.82,589.45,837.28,1
28,1,5,6,8,156.98,265.23,422.21,0
55,1,5,11,9,172.04,217.95,390.0,0
20,0,5,12,1,94.06,210.1,304.15,0
23,1,5,13,1,135.62,249.58,385.2,0
55,0,5,14,2,273.75,568.38,842.13,1
20,0,5,15,8,126.07,205.54,331.61,0
59,0,5,16,0,452.69,362.97,815.66,1
28,1,5,17,6,65.17,200.38,265.55,0
35,0,5,18,4,91.85,150.77,242.62,0
41,1,5,19,7,269.97,407.41,677.38,0
50,1,5,20,3,618.52,766.72,1385.23,1
34,1,5,21,5,171.06,267.76,438.82,0
55,0,5,22,2,400.28,336.14,736.42,0
20,1,5,26,4,102.61,142.11,244.73,0
26,0,5,29,1,134.28,151.79,286.07,0
64,0,5,30,2,419.0,586.59,1005.59,1
43,0,5,31,8,121.18,360.57,481.76,0
66,0,6,3,3,491.21,616.82,1108.03,1
40,0,6,4,4,106.37,215.89,322.27,0
53,0,6,5,0,578.02,386.84,964.86,1
20,0,6,6,8,121.67,193.35,315.03,0
59,1,6,7,2,408.27,609.46,1017.73,1
39,1,6,8,9,173.02,155.37,328.4,0
84,1,6,9,4,79.41,137.1,216.5,0
31,0,6,10,4,64.23,142.82,207.05,0
59,1,6,11,0,579.79,413.34,993.13,1
59,0,6,12,2,239.7,551.35,791.04,1
20,0,6,13,6,72.0,168.67,240.67,0
73,0,6,14,2,398.16,379.11,777.27,1
56,0,6,15,7,341.06,483.58,824.63,0
50,0,6,16,4,54.41,169.86,224.28,0
55,0,6,17,3,459.58,562.39,1021.96,1
76,1,6,18,2,315.48,625.27,940.75,1
20,0,6,19,1,82.43,194.09,276.51,0
53,1,6,20,7,320.01,486.45,806.46,0
57,0,6,21,6,77.73,218.89,296.62,0
20,0,6,22,4,82.68,119.17,201.85,0
20,0,6,23,6,83.95,103.85,187.79,0
56,0,6,24,0,568.43,355.83,924.26,1
28,0,6,27,9,133.0,196.9,329.9,0
41,0,6,28,2,388.1,554.51,942.61,1
26,1,6,29,6,82.16,208.94,291.1,0
47,1,6,30,2,251.64,356.93,608.57,1
69,0,7,1,3,485.9,654.4,1140.31,1
20,0,7,2,8,91.48,272.77,364.25,0
78,1,7,3,0,526.77,401.58,928.35,1
21,1,7,4,8,161.67,272.88,434.55,1
32,1,7,5,9,120.35,146.34,266.69,0
69,0,7,6,2,362.26,603.42,965.68,1
20,1,7,7,1,115.14,267.41,382.55,0
62,1,7,8,2,266.75,596.44,863.19,1
61,1,7,9,9,170.5,207.74,378.24,1
20,0,7,10,1,92.91,151.8,244.72,0
57,1,7,11,0,376.17,475.68,851.85,1
43,1,7,12,5,164.27,325.3,489.56,0
66,1,7,13,0,422.52,439.78,862.3,1
45,1,7,14,2,383.36,415.91,799.27,1
44,1,7,15,2,334.05,417.17,751.23,1
66,0,7,16,2,241.19,602.92,844.11,1
63,1,7,17,2,323.33,458.59,781.92,1
40,0,7,18,4,114.96,149.92,264.88,0
30,1,7,19,6,63.71,205.43,269.14,0
58,0,7,20,3,465.59,569.22,1034.8,1
48,0,7,21,7,303.58,426.4,729.98,0
63,0,7,22,2,303.61,409.51,713.12,1
51,0,7,23,2,327.9,433.26,761.16,1
82,0,7,24,2,338.35,623.25,961.6,1
65,0,7,25,2,443.79,554.29,998.07,1
27,0,7,26,7,174.28,461.19,635.47,0
64,1,7,28,0,381.35,545.38,926.73,1
30,1,8,1,7,247.16,308.78,555.94,0
34,1,8,2,8,153.32,227.21,380.54,0
53,1,8,6,1,87.32,167.01,254.33,0
20,0,8,7,4,102.51,179.65,282.16,0
49,1,8,8,1,133.71,203.37,337.08,0
43,0,8,9,4,85.28,130.66,215.94,0
69,0,8,10,2,313.85,536.43,850.28,1
82,1,8,11,2,254.25,706.17,960.42,1
25,1,8,12,1,134.46,238.81,373.27,0
20,0,8,13,6,80.86,102.16,183.01,0
41,0,8,14,0,314.2,400.97,715.17,1
50,1,8,15,2,232.57,357.19,589.76,1
33,1,8,16,4,103.28,134.07,237.35,0
60,1,8,17,0,602.0,479.69,1081.69,1
30,1,8,22,8,129.73,217.41,347.14,0
69,1,8,23,2,305.27,506.23,811.5,1
38,0,8,24,9,130.53,206.85,337.39,0
59,1,8,25,1,128.4,280.66,409.06,0
33,1,8,26,9,152.83,260.08,412.91,0
85,1,8,27,0,568.27,605.65,1173.93,1
67,0,8,28,2,369.79,551.52,921.31,1
21,0,8,29,8,153.9,215.53,369.43,0
20,1,8,30,4,114.75,255.69,370.44,0
44,1,8,31,4,108.21,305.62,413.83,1
26,0,9,1,8,155.86,347.38,503.24,0
72,0,9,2,3,521.19,774.21,1295.41,1
52,1,9,6,7,262.67,419.72,682.39,0
43,1,9,10,7,229.33,503.47,732.8,0
22,0,9,13,9,98.19,262.63,360.82,0
32,0,9,14,0,422.88,340.15,763.04,1
38,1,9,15,7,253.65,423.31,676.96,0
57,1,9,16,7,192.58,534.8,727.38,0
39,0,9,17,4,69.6,291.32,360.91,0
20,1,9,18,8,155.08,348.6,503.68,0
41,1,9,19,9,140.4,225.43,365.83,0
31,0,9,23,8,105.75,378.75,484.5,0
41,0,9,28,0,504.71,367.97,872.68,1
41,1,9,29,5,269.96,315.12,585.08,0
31,0,9,30,1,110.85,155.68,266.52,0
20,0,10,1,9,90.61,186.78,277.4,0
44,0,10,2,5,154.75,337.35,492.1,0
66,1,10,3,2,381.05,651.93,1032.99,1
41,0,10,4,6,78.09,193.15,271.25,0
70,0,10,5,0,546.81,554.94,1101.75,1
24,1,10,6,7,247.63,420.88,668.51,0
48,0,10,7,2,380.39,593.7,974.09,1
45,1,10,8,4,120.98,249.47,370.45,0
45,0,10,9,4,103.86,196.14,300.0,0
45,1,10,10,4,134.94,255.39,390.33,0
58,0,10,11,8,115.57,412.94,528.51,0
46,1,10,12,5,272.82,407.54,680.36,0
52,0,10,13,1,152.08,218.73,370.81,0
49,0,10,14,1,92.28,312.38,404.66,0
47,1,10,15,5,307.16,302.84,610.0,0
61,1,10,16,3,518.5,643.88,1162.38,1
50,0,10,17,4,132.94,290.59,423.52,0
20,1,10,18,4,105.48,247.0,352.48,0
62,1,10,19,3,635.75,573.8,1209.54,1
24,0,10,20,8,163.07,334.58,497.66,0
36,1,10,21,4,75.97,207.12,283.08,0
46,1,10,22,8,107.83,276.95,384.78,0
20,1,10,23,4,71.99,123.1,195.09,0
43,0,10,24,1,146.19,237.87,384.07,0
48,0,10,25,3,484.69,544.67,1029.36,1
54,1,10,26,2,294.71,515.2,809.91,1
56,1,10,27,4,147.9,179.92,327.82,0
40,1,10,28,5,263.15,382.89,646.04,0
20,1,10,29,8,159.8,248.52,408.32,0
20,0,10,30,6,79.16,198.38,277.54,0
65,1,10,31,0,453.92,464.07,917.99,1
22,1,11,1,8,129.0,209.74,338.74,0
67,0,11,2,3,640.5,896.6,1537.1,1
60,1,11,3,2,378.47,491.14,869.61,1
21,1,11,4,4,121.19,103.95,225.14,0
72,1,11,5,1,111.59,297.05,408.64,0
54,1,11,6,7,360.36,516.33,876.68,0
35,1,11,7,2,298.24,372.86,671.1,1
33,0,11,8,1,138.66,160.24,298.9,0
58,1,11,9,3,513.27,804.94,1318.21,1
67,0,11,14,0,575.46,358.8,934.26,1
43,1,11,15,0,444.75,315.89,760.64,0
43,0,11,16,7,219.5,502.9,722.4,0
32,1,11,17,6,97.48,177.62,275.09,0
70,1,11,21,2,425.6,350.4,776.0,1
20,0,11,22,6,70.16,166.13,236.3,0
49,1,11,23,0,510.9,342.75,853.65,1
54,1,11,24,2,307.54,590.21,897.75,1
52,0,11,25,2,269.95,633.64,903.59,1
71,1,11,26,7,325.87,366.3,692.16,1
61,1,11,27,0,436.47,504.74,941.21,1
44,0,11,28,2,266.89,416.13,683.02,1
35,0,11,29,8,147.46,215.14,362.61,0
72,1,11,30,1,93.8,246.0,339.81,1
36,0,12,1,8,114.62,270.62,385.24,0
41,0,12,2,2,256.47,391.88,648.34,1
24,0,12,3,8,109.99,203.68,313.67,0
60,0,12,7,4,102.37,291.18,393.55,0
25,0,12,8,9,111.08,182.34,293.42,0
43,0,12,12,4,109.2,150.71,259.91,0
51,0,12,13,9,126.58,316.07,442.65,0
21,0,12,14,9,109.47,244.04,353.51,0
44,0,12,15,7,181.39,367.78,549.17,0
21,1,12,16,2,360.32,401.61,761.93,1
20,0,12,17,8,161.16,244.72,405.88,0
56,0,12,18,2,269.62,539.36,808.98,1
26,1,12,19,7,213.83,419.0,632.83,0
81,1,12,20,3,661.99,804.21,1466.21,1
22,1,12,21,5,216.84,273.08,489.93,0
20,1,12,22,6,58.64,202.23,260.86,0
37,1,12,23,4,83.56,117.73,201.29,0
58,0,12,24,1,95.98,302.34,398.32,0
20,0,12,25,4,94.67,149.58,244.25,0
76,0,12,26,3,623.15,742.98,1366.13,0
35,1,12,27,4,49.18,139.39,188.57,0
48,0,12,28,2,389.37,370.33,759.7,1
44,0,12,29,4,116.19,223.78,339.97,0
47,1,12,30,7,323.69,456.64,780.33,0
45,0,12,31,0,368.63,331.47,700.11,1
60,0,1,1,2,304.42,391.3,695.71,1
24,0,1,2,8,137.05,209.81,346.86,0
40,1,1,3,9,148.46,179.27,327.73,0
54,0,1,4,7,249.44,500.74,750.18,0
78,0,1,5,0,438.77,484.95,923.72,1
20,0,1,6,8,100.19,200.56,300.75,0
65,0,1,7,5,243.23,274.17,517.4,1
25,1,1,8,0,508.59,360.7,869.29,1
38,1,1,9,5,183.69,358.52,542.21,0
46,0,1,10,4,114.96,264.68,379.64,0
59,1,1,11,0,475.99,399.38,875.37,1
26,0,1,12,9,156.17,152.78,308.96,0
41,1,1,13,7,177.42,330.89,508.32,0
54,0,1,14,2,349.33,522.53,871.86,1
23,1,1,15,4,114.36,218.63,332.99,0
70,0,1,16,2,408.05,597.79,1005.84,1
37,1,1,17,1,133.66,206.51,340.17,0
20,0,1,18,1,93.28,213.02,306.3,0
50,0,1,19,5,164.74,341.5,506.23,0
41,0,1,20,4,149.93,186.49,336.42,0
69,0,1,24,2,311.54,371.81,683.35,1
64,0,1,25,0,531.84,388.45,920.29,1
50,1,1,26,2,334.67,478.62,813.3,1
27,0,1,27,9,132.99,158.79,291.77,0
68,0,1,28,2,311.8,444.35,756.15,1
67,1,1,29,2,354.87,548.31,903.18,1
24,0,1,30,6,89.21,153.05,242.26,0
28,1,1,31,8,130.1,369.09,499.19,0
77,0,2,1,3,616.44,848.88,1465.32,1
59,0,2,3,3,570.92,609.47,1180.39,1
45,1,2,4,4,62.81,204.91,267.72,0
57,0,2,5,2,403.8,510.51,914.3,1
57,0,2,6,2,231.65,410.84,642.5,1
71,1,2,7,0,552.27,523.7,1075.97,1
57,0,2,8,7,222.96,392.75,615.71,0
51,0,2,9,4,119.67,281.59,401.25,0
75,1,2,10,2,255.26,505.66,760.92,1
40,1,2,11,5,167.92,341.58,509.5,0
68,0,2,12,2,256.94,609.14,866.08,1
50,0,2,13,0,427.7,425.01,852.71,1
59,0,2,15,0,465.27,452.65,917.92,1
43,1,2,16,7,175.66,454.88,630.54,1
36,1,2,17,4,86.53,127.42,213.95,0
47,0,2,18,5,220.36,273.61,493.97,0
21,0,2,19,8,101.31,302.87,404.18,0
75,1,2,20,9,125.6,258.22,383.82,1
20,1,2,21,4,78.2,142.49,220.69,0
20,0,2,22,8,134.4,319.07,453.47,0
73,0,2,25,2,359.18,571.76,930.94,1
66,1,2,26,0,547.51,408.5,956.01,1
49,1,3,3,9,119.38,200.61,319.99,0
47,0,3,4,4,129.16,223.72,352.88,0
27,1,3,5,8,134.17,367.31,501.48,0
31,0,3,6,7,283.7,347.25,630.95,0
60,1,3,7,2,243.24,478.36,721.6,1
21,1,3,8,4,87.18,244.8,331.98,0
59,1,3,9,7,173.08,511.57,684.65,0
32,1,3,10,4,52.7,153.38,206.08,0
21,0,3,11,8,140.29,198.15,338.43,0
23,1,3,12,1,136.13,155.19,291.32,0
64,1,3,13,2,355.29,644.26,999.55,1
53,1,3,16,2,393.47,577.94,971.41,1
20,1,3,18,4,110.2,179.3,289.5,0
58,1,3,19,0,448.54,359.4,807.94,1
39,0,3,20,4,104.54,111.63,216.18,0
59,1,3,21,3,655.71,726.09,1381.8,0
24,0,3,22,8,136.59,351.93,488.52,0
29,1,3,23,8,97.27,342.22,439.49,0
22,1,3,24,5,272.95,359.26,632.21,0
23,0,3,25,5,267.34,288.35,555.69,0
51,1,3,26,2,336.02,571.67,907.69,1
34,1,3,28,9,151.67,227.43,379.1,0
41,1,4,2,4,59.32,147.26,206.58,0
79,1,4,3,3,509.19,854.52,1363.71,1
70,0,4,4,2,392.08,393.87,785.95,1
52,0,4,5,0,567.61,401.87,969.48,1
39,0,4,6,5,214.45,326.21,540.67,0
29,1,4,7,7,317.3,432.24,749.54,0
39,1,4,8,5,193.21,234.36,427.57,1
56,0,4,9,2,346.12,622.42,968.53,1
63,1,4,10,2,389.21,414.11,803.32,1
20,0,4,11,4,68.87,134.92,203.79,0
66,1,4,12,2,325.04,481.26,806.3,1
78,0,4,13,2,352.12,665.47,1017.58,1
38,0,4,14,5,153.46,201.98,355.44,0
64,1,4,15,2,240.8,652.46,893.26,1
55,0,4,16,7,253.98,463.03,717.02,0
60,1,4,17,3,481.8,780.07,1261.87,1
58,1,4,18,0,353.14,412.65,765.79,1
35,0,4,19,4,77.47,226.59,304.06,0
46,0,4,20,7,355.77,406.56,762.33,0
43,0,4,21,0,467.37,383.17,850.54,1
55,0,4,22,0,447.48,371.14,818.63,1
65,1,4,23,2,375.33,610.26,985.59,1
59,1,4,24,1,150.33,233.01,383.34,0
54,0,4,25,4,61.95,300.19,362.14,0
85,1,4,26,2,430.51,431.03,861.54,1
50,0,4,29,2,353.46,378.6,732.06,1
38,1,4,30,6,113.7,108.95,222.65,0
38,0,5,1,4,140.3,101.45,241.75,0
78,0,5,2,4,77.14,258.93,336.06,1
30,1,5,4,5,266.12,357.23,623.34,0
21,0,5,5,8,93.89,230.85,324.74,0
23,1,5,6,4,126.17,217.86,344.04,0
34,0,5,7,2,352.57,379.19,731.76,1
28,0,5,8,9,115.43,183.37,298.8,0
20,0,5,9,4,103.1,123.83,226.93,0
33,1,5,10,1,132.66,219.34,352.0,0
44,0,5,11,5,233.22,320.01,553.22,0
83,1,5,12,3,596.92,942.12,1539.04,1
59,0,5,13,7,191.38,335.19,526.57,0
23,1,5,14,8,123.5,212.92,336.43,0
49,1,5,15,2,219.38,581.17,800.55,1
52,0,5,16,7,216.05,404.82,620.86,1
20,1,5,17,4,56.91,121.18,178.08,0
61,1,5,18,5,283.33,281.86,565.19,1
58,1,5,19,4,128.31,288.7,417.01,0
29,0,5,20,9,173.82,221.34,395.16,0
39,0,5,21,2,395.68,489.72,885.4,1
75,1,5,22,0,396.54,532.39,928.93,1
43,0,5,23,7,290.44,450.92,741.36,0
54,0,5,27,5,254.08,426.88,680.95,0
20,1,5,28,8,160.64,343.17,503.82,0
46,1,5,29,0,430.23,461.63,891.86,1
45,0,5,30,7,199.31,353.28,552.59,0
28,0,5,31,8,137.59,210.14,347.74,0
54,1,6,1,2,404.34,481.65,885.99,1
34,0,6,2,6,66.98,241.39,308.36,0
54,0,6,7,3,445.29,641.77,1087.07,1
52,0,6,8,0,519.72,353.74,873.46,1
61,1,6,9,2,316.85,473.85,790.7,1
70,1,6,10,3,545.81,579.86,1125.67,1
68,1,6,11,2,395.26,419.38,814.64,1
20,1,6,12,8,105.03,328.29,433.32,0
20,0,6,13,4,84.03,213.62,297.65,0
75,0,6,18,2,448.12,638.73,1086.85,0
30,1,6,19,8,111.05,259.65,370.71,0
22,1,6,20,8,95.36,201.68,297.04,0
66,1,6,21,4,118.34,220.21,338.56,1
37,1,6,22,4,59.2,201.0,260.2,0
58,0,6,23,4,121.83,170.63,292.46,0
31,1,6,24,1,141.45,194.52,335.98,0
75,1,6,25,7,289.21,407.61,696.81,0
71,1,6,26,7,207.7,367.31,575.01,1
41,1,6,27,7,242.56,497.94,740.49,0
49,1,6,28,1,109.95,262.83,372.78,0
67,1,6,29,2,258.42,560.87,819.29,1
75,1,6,30,0,453.17,379.25,832.43,1
28,0,7,1,5,232.49,337.82,570.31,0
68,1,7,2,2,435.76,507.07,942.83,1
60,1,7,3,7,354.77,523.59,878.36,0
38,0,7,4,2,279.43,310.65,590.09,1
20,1,7,5,4,111.93,220.28,332.21,0
20,1,7,9,7,152.14,389.11,541.25,0
56,1,7,10,2,394.51,613.03,1007.54,1
44,0,7,11,1,143.68,164.45,308.13,0
40,1,7,12,8,137.86,363.42,501.28,0
31,1,7,13,1,106.29,160.25,266.54,0
79,1,7,14,2,370.23,654.59,1024.82,1
24,1,7,18,7,221.94,338.72,560.66,0
20,0,7,19,5,184.04,261.46,445.5,0
28,1,7,20,1,138.66,182.17,320.83,0
42,1,7,21,4,133.51,250.99,384.49,0
37,0,7,22,9,137.2,215.28,352.48,0
35,1,7,23,2,318.48,489.1,807.58,1
36,1,7,24,9,111.19,220.33,331.52,0
20,0,7,25,6,96.18,212.87,309.05,0
55,0,7,26,7,291.57,391.7,683.27,0
44,0,7,27,5,194.86,400.57,595.43,0
20,1,7,28,8,169.78,272.21,441.99,0
28,0,7,29,9,153.46,169.33,322.79,0
47,1,7,30,2,354.05,613.29,967.35,1
59,1,7,31,2,296.14,486.3,782.44,1
39,1,8,1,6,91.57,230.46,322.04,0
48,0,8,2,2,347.41,374.37,721.78,1
66,0,8,3,2,240.02,604.9,844.92,1
53,0,8,4,2,397.89,555.77,953.66,1
20,1,8,5,4,116.72,215.3,332.02,0
36,1,8,6,9,193.63,192.96,386.59,0
20,1,8,7,1,126.21,194.81,321.02,0
33,0,8,8,5,223.87,309.45,533.33,0
45,0,8,12,2,402.31,533.54,935.84,1
83,0,8,13,2,384.91,457.45,842.36,1
25,1,8,14,6,88.63,199.85,288.47,0
22,1,8,15,8,97.63,310.8,408.43,0
39,1,8,17,4,103.19,117.8,220.98,0
53,0,8,18,0,572.52,451.19,1023.71,1
57,0,8,19,2,362.16,470.56,832.72,1
54,1,8,20,7,229.18,517.01,746.19,0
69,1,8,21,2,347.36,608.16,955.53,1
20,1,8,22,6,64.4,159.38,223.77,0
36,1,8,23,7,188.31,417.38,605.7,0
40,0,8,24,7,337.95,449.38,787.33,0
32,0,8,25,2,226.17,360.55,586.72,1
20,0,8,26,4,81.4,146.95,228.35,0
65,0,8,27,7,338.84,469.26,808.1,1
59,0,8,28,5,213.75,237.94,451.69,0
57,0,8,29,2,250.92,397.07,647.99,1
63,1,8,30,0,581.75,549.78,1131.52,1
63,1,8,31,2,224.12,534.08,758.2,1
71,1,9,4,6,93.13,186.99,280.12,0
61,1,9,5,7,221.61,356.83,578.44,1
35,1,9,6,9,194.45,213.71,408.16,0
55,0,9,7,3,554.83,844.37,1399.2,1
20,1,9,8,7,297.02,327.2,624.22,0
62,1,9,9,2,347.84,601.96,949.81,1
30,1,9,10,5,233.82,242.57,476.39,0
20,0,9,11,4,77.29,144.98,222.27,0
20,0,9,12,1,80.82,207.71,288.53,0
20,1,9,13,6,99.88,175.27,275.15,0
50,1,9,14,6,97.75,190.6,288.35,0
52,0,9,15,4,147.49,231.0,378.49,0
34,0,9,16,4,97.21,225.56,322.77,0
57,1,9,17,5,185.6,251.55,437.15,0
39,0,9,18,9,103.52,262.9,366.42,0
56,1,9,19,3,628.07,657.05,1285.11,1
77,0,9,20,0,563.98,479.07,1043.05,1
32,0,9,21,8,132.16,264.68,396.83,0
39,0,9,22,0,524.18,401.26,925.43,1
22,0,9,23,6,54.96,211.4,266.36,0
56,0,9,24,3,472.37,657.36,1129.73,1
23,1,9,25,5,203.34,270.62,473.96,0
71,1,9,26,2,363.48,402.33,765.81,1
82,0,9,27,2,465.23,550.54,1015.77,1
20,0,9,29,9,109.49,216.88,326.37,0
32,1,9,30,8,172.28,349.53,521.81,0
35,1,10,1,7,326.11,408.82,734.93,0
60,1,10,2,3,629.11,716.44,1345.55,1
20,0,10,3,6,86.39,208.5,294.89,0
49,1,10,4,2,335.13,572.93,908.05,1
35,1,10,5,4,134.05,233.54,367.59,0
42,0,10,10,0,506.17,486.39,992.55,1
40,1,10,11,4,73.25,271.81,345.06,0
59,0,10,12,2,381.86,330.84,712.7,1
41,1,10,13,7,214.25,374.32,588.56,0
20,1,10,14,4,77.91,139.6,217.51,0
23,1,10,15,8,107.85,285.31,393.17,0
49,1,10,19,5,290.77,346.79,637.56,0
66,0,10,20,2,340.89,605.48,946.37,1
48,0,10,21,2,408.63,313.65,722.28,1
61,1,10,22,2,270.01,358.03,628.04,1
49,0,10,23,5,250.4,406.65,657.06,0
20,1,10,24,1,130.64,204.95,335.59,0
70,0,10,25,3,498.98,587.44,1086.42,1
32,0,10,26,5,194.85,267.87,462.72,0
33,0,10,27,6,89.72,201.61,291.33,0
57,0,10,28,3,642.98,690.52,1333.51,1
38,1,10,29,2,212.33,384.39,596.73,1
20,0,10,30,7,308.89,371.37,680.26,0
25,0,10,31,6,103.34,159.37,262.72,0
48,0,11,1,7,203.83,377.67,581.5,0
55,1,11,2,3,450.0,754.77,1204.76,1
64,0,11,3,0,586.41,396.27,982.68,1
48,1,11,4,3,466.35,602.81,1069.15,1
39,1,11,5,5,167.14,214.62,381.76,0
20,0,11,6,9,166.32,185.11,351.43,0
21,0,11,7,4,134.34,256.3,390.63,0
35,0,11,8,4,90.01,280.73,370.74,0
20,1,11,9,4,55.83,183.28,239.11,0
24,0,11,10,8,121.94,296.75,418.69,0
56,1,11,11,9,145.05,191.79,336.85,0
20,0,11,12,1,89.62,159.29,248.9,0
50,1,11,13,5,284.14,326.62,610.77,0
20,1,11,14,4,45.88,165.87,211.75,0
46,1,11,15,5,275.83,267.81,543.64,0
77,0,11,16,2,288.07,445.9,733.97,1
20,1,11,17,0,396.08,437.73,833.81,1
23,1,11,18,9,109.7,216.29,326.0,0
63,1,11,19,0,476.79,507.27,984.05,1
41,1,11,20,7,179.86,335.18,515.05,0
42,0,11,21,4,142.11,116.98,259.09,0
45,1,11,22,0,472.69,363.11,835.8,1
36,0,11,23,4,93.13,130.79,223.92,0
35,0,11,24,9,165.82,157.96,323.78,0
37,1,11,25,8,101.1,275.21,376.31,0
63,1,11,26,2,430.74,464.9,895.65,1
64,1,11,27,2,411.83,345.6,757.43,1
26,0,11,28,4,127.49,266.88,394.38,0
24,1,11,29,8,134.0,321.8,455.8,0
48,1,11,30,0,402.26,424.25,826.51,1
64,1,12,1,2,226.36,511.83,738.2,1
54,1,12,2,2,411.33,624.97,1036.3,1
30,0,12,3,8,170.69,294.16,464.85,0
84,0,12,4,2,423.86,508.64,932.5,1
52,1,12,5,4,137.8,236.0,373.8,0
23,1,12,6,1,99.65,254.39,354.04,0
59,1,12,7,4,131.45,217.25,348.7,0
30,1,12,8,9,121.8,160.32,282.12,0
20,1,12,9,4,75.77,146.08,221.86,0
39,0,12,14,0,508.33,487.88,996.21,1
46,1,12,15,3,596.51,592.27,1188.79,1
27,1,12,16,4,137.91,139.72,277.63,0
35,1,12,17,4,144.51,189.7,334.21,0
60,0,12,18,5,287.88,340.91,628.79,0
29,0,12,19,6,105.67,125.37,231.04,0
37,0,12,20,5,234.14,274.97,509.11,0
67,1,12,25,0,365.89,376.3,742.19,1
33,1,12,26,2,317.4,492.53,809.94,1
42,1,12,27,5,266.14,364.72,630.86,0
49,1,12,28,5,196.05,217.25,413.3,0
50,0,12,29,3,459.19,634.51,1093.71,1
73,1,12,30,2,269.12,452.84,721.96,1
41,0,12,31,4,123.98,277.97,401.95,1
35,0,1,1,5,242.52,300.1,542.62,0
67,0,1,2,2,291.27,480.04,771.31,1
75,0,1,3,1,104.67,330.2,434.88,1
47,0,1,4,7,235.69,411.91,647.6,0
29,1,1,5,8,101.2,364.81,466.01,0
20,0,1,6,1,75.82,210.33,286.16,0
49,0,1,7,2,337.94,479.35,817.29,1
52,0,1,8,9,116.29,274.3,390.6,0
21,0,1,9,8,176.25,282.07,458.32,0
56,0,1,10,0,447.85,467.69,915.55,1
25,1,1,11,4,107.07,191.27,298.34,0
39,1,1,15,1,108.32,243.76,352.08,0
68,1,1,16,3,630.58,886.74,1517.32,1
56,1,1,21,9,172.34,245.85,418.2,0
59,1,1,22,3,506.96,800.95,1307.91,1
56,1,1,23,2,315.44,374.58,690.02,1
20,1,1,24,1,77.79,188.97,266.76,0
26,0,1,25,4,91.91,260.22,352.13,0
60,1,1,26,0,530.97,456.78,987.75,1
36,0,1,27,6,84.34,234.75,319.08,0
20,0,1,28,6,88.23,175.35,263.58,0
70,0,1,29,2,345.55,421.18,766.73,1
56,1,1,30,5,255.19,235.46,490.65,0
64,1,1,31,2,352.0,352.57,704.57,1
73,0,2,1,7,352.3,461.55,813.86,1
33,1,2,2,7,286.73,337.03,623.76,0
45,0,2,3,2,342.71,437.74,780.45,1
20,0,2,4,5,157.85,242.95,400.8,0
77,0,2,5,2,430.91,426.49,857.39,1
71,1,2,6,3,605.45,628.67,1234.12,1
59,1,2,7,2,317.56,335.97,653.54,1
43,1,2,8,5,235.8,329.48,565.28,0
20,1,2,9,8,149.72,187.83,337.54,0
85,1,2,10,0,509.89,599.07,1108.96,1
56,1,2,11,0,353.13,387.18,740.31,1
26,1,2,12,6,82.84,176.3,259.14,0
68,1,2,13,2,438.28,446.29,884.56,1
62,0,2,14,0,506.5,385.44,891.94,1
28,0,2,15,6,106.62,208.9,315.51,1
43,0,2,16,0,404.18,332.36,736.55,1
52,0,2,17,7,247.47,439.45,686.93,0
43,0,2,18,8,122.49,231.13,353.62,0
61,1,2,19,4,155.69,280.68,436.38,1
40,1,2,20,8,194.86,223.68,418.54,0
47,0,2,21,0,562.24,509.47,1071.7,1
48,0,2,22,2,247.09,353.04,600.13,0
63,0,2,26,3,497.78,787.43,1285.2,1
31,1,2,27,1,107.74,236.3,344.04,0
75,1,2,28,3,477.57,857.0,1334.57,0
20,0,3,1,7,171.51,306.82,478.33,0
60,0,3,6,1,156.34,235.55,391.89,0
31,0,3,7,4,137.44,204.74,342.18,0
26,1,3,8,4,88.5,246.82,335.32,0
20,0,3,13,4,101.76,98.87,200.63,0
30,1,3,14,0,324.54,340.94,665.48,1
69,0,3,15,2,343.65,405.25,748.9,1
36,0,3,16,4,93.19,133.06,226.25,0
44,0,3,17,2,270.11,504.46,774.58,1
44,0,3,18,2,295.68,417.06,712.74,1
39,0,3,19,7,181.07,408.02,589.09,0
63,1,3,20,1,101.85,191.44,293.29,0
36,0,3,21,5,212.6,318.78,531.38,0
21,0,3,22,5,137.41,271.07,408.48,0
62,0,3,23,3,574.73,713.41,1288.14,1
20,1,3,24,6,69.02,174.87,243.88,0
20,0,3,25,7,141.61,423.69,565.3,0
59,0,3,26,2,310.31,387.05,697.37,1
26,1,3,27,8,145.28,365.73,511.01,0
65,0,3,28,0,441.16,422.76,863.92,1
71,0,3,29,4,71.84,314.02,385.87,1
61,1,3,30,7,189.91,492.77,682.68,1
33,1,4,4,9,191.68,186.32,378.0,0
38,0,4,5,0,329.1,408.4,737.51,1
63,1,4,6,6,82.47,160.08,242.55,0
60,0,4,7,2,406.58,593.86,1000.43,1
30,1,4,8,1,90.12,233.79,323.91,0
34,1,4,9,4,79.92,98.19,178.11,0
41,1,4,10,9,184.12,180.0,364.12,0
42,1,4,15,7,248.76,429.69,678.46,0
20,1,4,16,1,130.45,142.56,273.01,0
23,0,4,17,8,110.56,308.45,419.0,0
54,1,4,18,0,329.34,531.49,860.83,1
59,1,4,19,3,463.59,804.5,1268.09,1
20,0,4,20,4,89.73,132.78,222.51,0
61,1,4,23,2,394.47,589.34,983.81,1
21,0,4,24,6,62.67,136.67,199.34,0
78,0,4,25,2,445.49,650.5,1095.99,1
28,1,4,26,2,260.87,525.88,786.74,1
41,1,4,27,6,80.4,234.54,314.94,0
37,0,4,28,8,129.25,372.75,502.0,0
20,1,4,29,5,225.6,229.08,454.68,0
61,1,4,30,3,519.42,658.08,1177.5,1
55,1,5,1,2,281.95,610.25,892.19,1
43,0,5,2,2,280.87,330.72,611.59,1
33,0,5,3,7,205.05,447.27,652.32,0
26,1,5,4,5,218.71,203.28,421.99,0
71,1,5,5,7,337.31,454.01,791.32,1
39,0,5,6,6,83.11,203.92,287.02,0
75,0,5,7,2,346.7,476.38,823.09,1
33,1,5,8,8,145.52,271.3,416.81,0
26,0,5,9,5,213.82,260.55,474.37,0
24,0,5,10,4,77.35,241.76,319.11,0
62,1,5,11,0,525.62,371.42,897.05,1
20,0,5,12,4,98.29,173.32,271.62,0
68,1,5,13,2,252.79,620.41,873.2,1
57,0,5,14,2,264.22,370.72,634.94,1
39,1,5,15,7,239.39,356.51,595.9,0
65,0,5,16,0,560.91,490.4,1051.31,1
51,1,5,20,7,265.95,495.35,761.3,0
39,1,5,21,7,312.58,369.99,682.57,0
37,0,5,22,8,160.08,337.22,497.3,0
20,0,5,23,4,61.94,159.23,221.17,0
67,0,5,24,2,229.63,561.28,790.91,1
67,0,5,25,2,372.79,482.1,854.89,1
40,0,5,26,7,240.88,384.82,625.7,0
30,0,5,27,8,149.9,350.89,500.8,0
20,1,5,28,8,93.01,186.82,279.83,0
71,0,5,29,2,399.67,528.9,928.57,1
57,1,5,30,2,410.11,354.29,764.4,1
37,0,5,31,7,325.76,400.9,726.66,1
55,0,6,1,4,157.01,279.12,436.13,0
31,0,6,2,5,224.0,202.73,426.73,0
20,0,6,3,1,111.33,173.72,285.05,0
41,0,6,4,2,257.48,560.14,817.62,0
47,1,6,5,5,257.58,283.54,541.13,0
24,1,6,6,5,256.96,247.08,504.04,0
61,0,6,7,5,234.2,305.68,539.88,1
20,0,6,8,5,181.59,295.61,477.19,0
68,0,6,9,4,111.29,330.2,441.5,1
39,1,6,10,4,64.19,272.69,336.88,1
36,0,6,15,9,164.92,153.03,317.95,0
46,0,6,16,0,377.78,329.25,707.02,1
68,1,6,17,3,609.19,833.51,1442.7,1
44,1,6,18,7,322.66,308.44,631.1,0
53,0,6,19,5,199.99,220.25,420.24,0
66,0,6,20,3,587.46,606.29,1193.75,1
47,1,6,21,7,341.53,427.68,769.2,0
49,0,6,22,0,486.05,329.32,815.37,1
39,1,6,27,5,197.52,231.23,428.75,0
43,0,6,28,9,127.71,276.0,403.71,0
39,0,6,29,2,296.92,341.45,638.37,1
23,1,6,30,5,151.43,196.34,347.77,0
68,1,7,1,2,374.0,661.05,1035.05,1
29,1,7,2,8,143.2,366.64,509.85,0
26,1,7,3,8,93.31,363.47,456.78,0
55,1,7,4,0,403.89,334.37,738.25,1
44,1,7,5,9,110.21,223.32,333.53,0
28,1,7,6,9,156.11,183.14,339.25,0
50,0,7,7,2,342.89,546.63,889.51,1
66,1,7,8,3,539.86,833.74,1373.6,1
20,0,7,9,9,91.48,180.8,272.28,0
38,1,7,10,1,125.45,216.57,342.01,0
47,1,7,11,3,428.91,745.86,1174.77,1
75,1,7,12,3,622.46,592.56,1215.03,1
39,0,7,14,1,84.05,271.26,355.31,0
35,0,7,15,1,107.09,264.93,372.02,0
35,0,7,16,8,110.89,358.1,468.99,0
79,0,7,17,2,304.46,630.08,934.54,1
40,0,7,18,6,62.44,115.0,177.44,0
20,1,7,19,6,58.36,90.98,149.33,0
20,1,7,20,4,117.67,229.06,346.73,0
22,1,7,21,4,67.27,122.77,190.04,0
38,0,7,22,9,161.09,264.71,425.81,0
47,1,7,23,9,204.6,251.34,455.94,0
34,0,7,26,7,199.13,328.58,527.71,0
62,0,7,27,2,370.77,347.36,718.13,1
33,0,7,28,7,316.54,376.96,693.49,0
32,0,7,29,5,213.85,214.28,428.13,0
20,1,7,30,4,112.24,251.71,363.94,0
28,1,7,31,5,263.65,258.6,522.25,0
43,1,8,1,2,391.36,443.04,834.41,1
40,0,8,2,0,367.42,367.18,734.6,1
51,1,8,3,1,118.27,185.34,303.61,0
28,0,8,4,5,275.34,358.25,633.59,0
82,1,8,5,1,138.24,362.21,500.45,1
44,0,8,6,4,140.01,152.56,292.56,0
27,1,8,7,6,106.49,152.09,258.58,0
20,0,8,9,4,116.82,237.83,354.65,0
55,1,8,10,7,248.67,369.37,618.04,0
36,0,8,11,7,178.71,384.02,562.73,0
26,1,8,12,6,78.42,203.19,281.6,0
83,0,8,13,7,275.78,532.35,808.13,1
36,0,8,14,9,151.16,263.79,414.95,0
57,1,8,15,4,152.99,187.49,340.47,0
44,1,8,16,0,350.69,419.99,770.69,1
64,0,8,17,3,473.44,720.77,1194.21,1
81,1,8,18,0,632.0,482.86,1114.86,1
22,0,8,19,4,93.43,113.33,206.76,0
71,0,8,20,4,100.27,271.03,371.3,1
49,0,8,22,4,60.63,292.17,352.8,0
36,0,8,24,7,244.28,465.5,709.78,0
33,0,8,25,8,109.24,259.91,369.15,0
71,0,8,26,2,416.26,635.81,1052.07,1
54,0,8,27,7,230.33,447.98,678.31,0
20,1,8,28,8,170.85,235.17,406.01,0
31,0,8,29,5,150.03,258.45,408.47,0
62,0,8,30,3,482.93,790.8,1273.73,1
59,0,8,31,2,288.34,370.05,658.39,1
54,1,9,1,7,369.8,352.66,722.46,0
38,0,9,5,4,98.94,127.79,226.73,0
20,0,9,6,8,135.67,296.5,432.17,0
44,1,9,7,5,264.47,392.15,656.61,0
67,1,9,8,2,352.07,445.4,797.47,1
63,1,9,9,0,504.02,378.02,882.04,1
72,0,9,10,2,356.91,503.02,859.93,1
51,0,9,11,4,116.38,213.44,329.82,0
39,0,9,12,1,105.34,204.9,310.24,0
64,1,9,13,3,646.87,809.15,1456.02,1
20,0,9,14,9,128.14,256.02,384.16,0
61,1,9,15,0,604.54,447.59,1052.13,1
48,0,9,20,7,212.85,348.38,561.23,0
35,1,9,21,1,97.76,218.0,315.75,0
20,0,9,22,8,131.71,184.83,316.54,1
47,0,9,23,2,344.84,399.83,744.67,1
70,0,9,26,0,630.87,360.35,991.22,1
64,0,9,27,3,601.64,887.35,1489.0,1
43,1,9,28,1,92.77,161.16,253.93,0
60,1,9,29,2,299.46,539.96,839.42,1
38,0,9,30,9,149.87,262.32,412.19,0
69,0,10,1,0,434.02,537.0,971.02,1
53,1,10,2,2,336.55,582.55,919.1,0
36,1,10,3,4,139.25,129.95,269.2,0
25,1,10,4,4,130.98,114.06,245.05,0
48,0,10,5,0,524.43,497.06,1021.49,1
50,1,10,6,0,510.42,339.91,850.33,1
62,1,10,7,2,250.91,359.18,610.08,1
25,0,10,8,4,86.14,128.82,214.97,0
75,1,10,9,2,294.46,375.85,670.31,1
56,0,10,10,3,626.65,599.87,1226.52,1
34,0,10,11,9,130.74,168.86,299.6,0
54,0,10,12,2,389.39,566.0,955.39,1
64,1,10,13,9,123.05,203.95,327.01,1
66,1,10,14,3,604.22,601.38,1205.6,1
55,0,10,19,4,135.6,175.07,310.67,0
22,0,10,20,7,237.9,280.39,518.29,0
43,1,10,21,5,256.85,373.74,630.59,0
47,1,10,22,1,147.62,279.83,427.45,0
36,0,10,23,4,59.31,183.86,243.17,0
60,1,10,24,7,380.07,493.12,873.18,0
47,1,10,25,0,464.45,515.57,980.01,1
56,0,10,26,5,286.09,344.23,630.32,0
79,0,10,27,7,406.33,594.52,1000.85,1
61,1,10,28,3,551.9,760.8,1312.7,1
26,1,10,29,4,48.99,126.31,175.3,0
77,0,10,30,2,255.13,622.7,877.83,1
66,0,10,31,4,113.54,235.59,349.13,1
53,0,11,1,2,304.68,611.82,916.5,1
54,0,11,2,2,251.85,532.67,784.52,1
56,1,11,3,2,370.6,481.94,852.53,1
20,0,11,4,8,132.28,281.21,413.49,0
21,1,11,5,9,146.33,183.64,329.97,0
47,1,11,6,2,282.85,561.87,844.71,1
50,0,11,7,2,282.48,427.57,710.05,1
54,1,11,8,0,343.72,468.23,811.95,1
58,0,11,9,0,452.6,515.21,967.81,1
40,1,11,13,8,198.58,275.55,474.12,0
40,1,11,14,0,425.69,452.98,878.67,1
74,1,11,15,3,616.69,926.91,1543.61,1
57,0,11,16,2,433.18,456.36,889.54,1
27,1,11,17,8,148.84,238.12,386.96,0
48,1,11,18,5,257.64,270.78,528.42,0
20,1,11,19,4,67.61,182.77,250.38,0
31,1,11,20,8,115.84,374.76,490.6,0
40,0,11,21,9,172.66,158.98,331.64,0
52,1,11,22,7,222.66,410.3,632.96,0
35,1,11,23,1,96.22,188.23,284.45,0
85,1,11,24,2,292.02,457.75,749.77,1
22,1,11,25,4,127.91,127.76,255.68,0
37,0,11,26,7,182.42,463.45,645.87,0
20,0,11,27,6,70.95,130.23,201.18,0
53,1,12,1,2,413.89,550.89,964.79,1
22,0,12,2,4,120.94,263.84,384.78,0
54,1,12,3,5,210.8,392.12,602.92,0
79,0,12,4,3,503.53,674.26,1177.79,1
23,0,12,5,8,155.52,203.67,359.19,0
20,0,12,6,6,104.6,139.0,243.6,0
31,1,12,7,8,175.86,317.48,493.35,0
59,1,12,8,3,522.25,757.39,1279.64,1
42,1,12,10,1,108.26,289.33,397.6,0
42,1,12,14,5,196.56,375.6,572.16,0
21,1,12,15,5,190.9,187.13,378.04,0
48,0,12,16,6,83.16,169.89,253.05,0
70,1,12,17,4,97.96,253.49,351.45,1
32,1,12,18,5,236.36,227.28,463.64,0
39,1,12,19,7,211.68,314.86,526.54,0
35,1,12,20,1,124.8,262.17,386.98,0
64,1,12,21,2,356.84,446.07,802.9,1
34,0,12,22,6,113.18,225.67,338.86,0
85,1,12,25,0,628.37,379.7,1008.07,1
57,0,12,26,2,340.09,330.09,670.19,1
50,0,12,27,2,359.85,375.02,734.87,1
20,0,12,28,4,83.82,127.19,211.01,0
20,0,12,29,4,81.77,116.27,198.04,0
64,1,12,30,3,578.57,777.47,1356.04,1
71,0,12,31,7,338.03,510.15,848.18,1
53,1,1,1,2,411.32,469.96,881.28,1
29,0,1,2,8,165.21,197.6,362.81,0
44,1,1,3,7,179.98,488.01,667.99,0
59,0,1,4,9,205.63,185.92,391.55,0
85,0,1,5,0,667.17,489.81,1156.98,1
47,1,1,6,0,537.41,437.38,974.78,1
54,1,1,7,2,371.69,478.7,850.39,1
72,0,1,8,2,266.48,427.99,694.47,1
68,1,1,9,2,432.1,511.26,943.36,1
66,0,1,14,1,158.97,190.46,349.43,1
47,1,1,15,5,282.95,323.59,606.55,0
27,1,1,16,4,53.93,237.16,291.1,0
48,1,1,17,9,116.69,214.28,330.96,0
73,1,1,18,2,426.55,580.01,1006.56,1
57,0,1,20,7,369.09,396.01,765.1,0
70,1,1,21,3,471.2,797.06,1268.25,1
56,0,1,22,4,97.08,146.45,243.53,0
76,1,1,23,3,563.69,732.45,1296.13,1
57,0,1,26,1,142.69,312.76,455.45,0
42,0,1,27,1,117.04,225.68,342.72,0
57,0,1,28,2,308.69,445.36,754.05,1
57,0,1,29,0,451.23,374.16,825.39,1
63,0,1,30,7,185.98,438.91,624.89,1
32,0,1,31,7,201.68,335.74,537.42,0
64,1,2,1,2,248.11,478.77,726.88,1
49,0,2,2,0,466.48,474.15,940.63,0
65,0,2,3,3,538.42,590.61,1129.03,1
55,0,2,4,5,233.8,388.68,622.49,0
42,1,2,7,5,243.01,378.07,621.08,0
60,0,2,8,2,364.28,481.85,846.13,1
20,1,2,9,4,100.66,265.31,365.97,0
44,1,2,10,1,87.86,173.67,261.53,0
42,0,2,11,1,95.59,249.77,345.36,0
45,0,2,12,8,111.32,362.79,474.12,0
56,0,2,13,2,367.76,636.29,1004.05,1
58,1,2,14,0,553.03,412.4,965.42,1
34,0,2,15,1,127.65,232.19,359.84,0
66,1,2,16,4,138.38,324.37,462.75,1
33,1,2,17,4,88.97,157.46,246.43,0
63,1,2,18,2,361.86,550.65,912.51,1
71,1,2,19,3,541.43,657.92,1199.35,1
62,0,2,23,2,287.13,569.89,857.02,1
48,0,2,24,0,434.8,513.96,948.76,1
47,0,2,25,7,181.97,351.79,533.77,0
71,0,2,26,0,406.97,357.37,764.34,0
47,1,2,27,2,384.91,466.83,851.74,1
61,0,2,28,2,270.53,416.97,687.49,1
22,1,2,29,8,172.56,337.32,509.89,0
42,1,3,1,6,87.13,170.26,257.39,0
20,0,3,2,8,167.25,198.34,365.59,0
20,1,3,3,6,103.19,111.2,214.39,0
30,1,3,4,6,65.79,146.83,212.63,0
58,1,3,5,5,164.58,399.99,564.57,0
54,0,3,6,0,522.92,398.18,921.1,1
33,1,3,7,5,164.72,275.76,440.49,0
71,0,3,8,9,166.62,306.68,473.3,1
33,1,3,9,0,526.39,321.21,847.61,1
33,1,3,10,2,303.89,572.55,876.44,1
43,0,3,11,4,119.86,213.88,333.74,0
20,0,3,12,6,86.96,109.83,196.79,0
29,0,3,13,7,309.52,431.22,740.74,0
33,0,3,14,8,134.13,331.74,465.88,0
62,1,3,15,2,344.5,506.6,851.1,1
23,0,3,16,8,115.17,335.3,450.47,0
44,0,3,17,2,280.09,497.86,777.95,1
52,1,3,18,4,113.68,107.11,220.78,0
33,0,3,19,8,182.8,314.15,496.96,0
43,1,3,20,7,317.71,420.77,738.48,0
82,0,3,21,0,539.17,562.13,1101.29,1
20,0,3,22,4,53.3,166.48,219.78,0
20,1,3,23,4,97.94,183.41,281.35,0
25,0,3,24,9,156.23,270.26,426.49,0
59,0,3,25,2,374.74,371.0,745.75,1
39,1,3,26,4,52.99,130.71,183.71,0
57,0,3,28,2,297.2,419.76,716.96,1
60,0,3,29,0,463.63,504.06,967.69,1
36,1,3,30,0,363.45,329.88,693.34,1
46,1,3,31,6,87.61,191.54,279.14,0
28,0,4,5,1,83.94,160.53,244.47,0
52,1,4,6,1,108.93,286.17,395.1,0
60,1,4,7,0,342.6,477.5,820.1,1
51,1,4,8,7,278.94,484.49,763.43,0
66,1,4,9,2,441.87,522.68,964.55,1
31,1,4,12,6,64.19,229.61,293.8,0
42,1,4,13,1,140.11,239.3,379.41,0
75,1,4,14,2,437.56,360.7,798.26,1
66,0,4,15,3,477.91,598.67,1076.58,1
68,1,4,16,2,445.09,574.08,1019.18,1
53,1,4,19,0,345.79,349.84,695.63,1
77,1,4,20,2,293.79,567.74,861.53,1
51,1,4,21,2,223.79,463.62,687.41,1
52,0,4,22,6,64.78,194.1,258.88,0
39,1,4,23,5,194.71,279.94,474.66,0
33,0,4,24,0,527.21,440.43,967.64,1
61,1,4,25,2,323.69,606.44,930.12,1
21,0,4,27,4,99.36,242.45,341.8,0
46,1,4,28,1,102.68,179.44,282.12,0
52,0,4,29,2,241.61,494.96,736.57,1
48,0,4,30,0,489.35,383.27,872.61,1
20,1,5,1,7,192.89,307.91,500.81,0
24,1,5,2,8,92.39,185.76,278.16,0
20,0,5,3,5,207.65,321.71,529.36,0
20,0,5,4,1,100.05,151.66,251.71,0
69,1,5,5,2,404.86,582.93,987.79,0
72,1,5,6,3,468.59,677.83,1146.42,1
51,1,5,7,7,328.83,363.16,691.99,0
30,1,5,9,7,257.65,286.36,544.0,0
27,0,5,10,8,139.69,290.18,429.87,0
59,0,5,11,2,347.81,573.55,921.36,1
53,0,5,14,3,570.41,849.43,1419.84,1
47,1,5,15,6,62.22,169.81,232.03,0
47,0,5,16,1,112.28,174.15,286.42,0
21,0,5,17,6,66.49,128.23,194.72,0
55,0,5,18,0,559.03,496.15,1055.18,1
62,0,5,19,2,277.5,387.77,665.27,1
20,0,5,20,4,47.16,233.5,280.66,0
62,1,5,21,3,519.66,573.13,1092.78,1
31,0,5,22,5,232.83,301.58,534.41,0
20,0,5,23,6,91.44,195.66,287.1,0
40,0,5,24,7,163.16,435.51,598.67,0
71,0,5,25,7,268.22,546.22,814.43,1
47,1,5,26,5,291.86,335.18,627.04,0
23,1,5,28,8,101.38,185.25,286.63,0
53,1,5,29,7,214.34,409.17,623.51,0
76,1,5,30,2,266.13,560.92,827.05,1
38,0,5,31,6,105.46,120.89,226.35,0
36,1,6,1,4,113.45,126.34,239.79,0
22,0,6,2,4,63.28,127.47,190.75,0
48,1,6,3,4,123.95,201.22,325.17,0
50,0,6,4,7,245.43,349.08,594.5,0
38,0,6,5,6,97.34,201.94,299.29,0
49,0,6,6,9,139.14,272.76,411.9,0
72,1,6,7,2,238.96,388.09,627.05,1
46,0,6,8,0,560.14,350.02,910.16,1
74,1,6,9,0,513.19,392.78,905.97,0
57,1,6,10,0,539.09,349.58,888.67,1
85,1,6,11,0,419.98,496.6,916.58,1
51,0,6,12,2,241.48,609.0,850.47,1
81,0,6,13,0,490.9,514.81,1005.71,1
29,1,6,14,8,169.12,250.93,420.05,0
58,0,6,15,3,453.75,698.91,1152.66,1
20,1,6,16,6,94.56,140.53,235.09,0
40,1,6,17,7,293.13,398.96,692.09,0
69,1,6,18,3,662.93,727.79,1390.72,1
32,1,6,19,8,185.81,263.83,449.64,0
23,1,6,20,4,66.81,99.03,165.84,0
34,1,6,21,4,126.54,158.5,285.04,0
85,1,6,22,2,465.86,475.74,941.6,1
50,0,6,23,6,69.2,116.24,185.44,0
69,1,6,24,3,628.65,836.47,1465.13,1
38,1,6,25,9,173.49,258.36,431.85,0
56,1,6,26,0,593.15,528.3,1121.44,1
47,0,6,27,4,130.53,134.4,264.93,0
54,1,6,28,3,553.62,712.39,1266.01,1
51,0,6,29,0,366.04,479.0,845.04,1
39,1,6,30,2,226.65,559.31,785.97,1
37,1,7,1,1,102.23,209.68,311.91,0
64,0,7,2,0,500.35,463.14,963.48,1
29,0,7,3,9,113.8,197.12,310.92,0
66,0,7,4,9,185.21,221.14,406.34,1
26,1,7,5,7,230.38,313.72,544.11,0
23,0,7,9,7,150.06,285.01,435.07,0
62,0,7,10,2,246.59,511.64,758.22,1
72,1,7,11,2,279.72,498.41,778.12,1
80,0,7,12,0,420.89,532.03,952.92,1
20,1,7,13,1,110.11,168.32,278.43,0
36,0,7,14,8,170.25,252.43,422.69,0
39,0,7,15,5,207.62,362.86,570.48,0
37,1,7,16,5,215.39,376.43,591.83,0
70,0,7,17,2,433.67,399.49,833.16,1
54,1,7,18,7,315.1,367.49,682.59,0
20,1,7,20,4,115.16,163.82,278.97,0
77,1,7,21,2,401.59,622.03,1023.62,1
76,1,7,22,2,263.07,678.67,941.73,1
52,1,7,23,2,351.29,544.92,896.21,1
64,0,7,24,2,228.05,369.77,597.82,1
52,0,7,25,7,161.38,375.93,537.31,0
48,1,7,26,7,200.96,456.92,657.89,0
36,0,7,27,7,167.15,429.31,596.46,0
31,1,7,28,5,276.3,262.56,538.86,0
54,1,7,29,0,372.4,464.16,836.56,1
62,1,7,30,7,327.23,342.77,670.0,1
70,0,7,31,3,507.64,761.89,1269.52,1
49,1,8,1,0,317.42,450.18,767.6,0
45,1,8,2,1,128.63,210.48,339.11,0
20,0,8,3,4,134.14,218.26,352.4,0
37,1,8,6,8,195.17,334.17,529.34,0
20,1,8,9,5,227.83,356.04,583.87,0
25,1,8,10,8,127.87,303.51,431.38,0
28,1,8,11,7,309.59,340.06,649.66,0
44,1,8,12,2,305.74,367.82,673.56,1
37,1,8,13,8,191.67,342.63,534.3,0
54,1,8,14,2,383.44,454.18,837.62,1
60,1,8,15,0,396.62,448.65,845.27,1
44,1,8,16,7,198.38,484.03,682.41,0
39,1,8,17,1,84.47,177.98,262.45,0
60,0,8,18,2,340.75,592.43,933.17,1
35,0,8,19,0,468.41,340.26,808.67,1
55,0,8,20,9,129.15,300.32,429.47,0
25,0,8,24,4,85.35,205.24,290.59,0
21,1,8,25,5,193.77,196.07,389.83,0
34,1,8,26,5,182.94,283.95,466.88,0
77,0,8,27,0,567.28,401.88,969.16,1
52,0,8,28,4,151.12,305.34,456.46,0
31,1,8,29,9,102.3,270.03,372.33,0
35,1,8,30,5,286.23,345.4,631.62,0
40,1,8,31,7,289.29,430.18,719.47,0
56,1,9,1,6,88.22,222.46,310.68,1
42,1,9,2,4,119.29,152.37,271.65,0
65,1,9,5,2,385.11,467.22,852.33,1
40,0,9,7,6,69.95,164.03,233.98,0
39,1,9,8,4,80.39,181.41,261.8,0
25,1,9,9,8,166.27,335.63,501.9,0
52,0,9,10,0,579.56,491.07,1070.64,0
33,0,9,11,4,76.07,179.67,255.75,0
64,0,9,12,3,660.46,711.42,1371.88,1
44,1,9,13,1,95.3,303.39,398.69,0
60,1,9,14,2,238.86,371.14,610.0,1
55,1,9,15,7,182.92,335.63,518.55,0
59,1,9,16,2,265.22,588.6,853.83,1
36,0,9,17,4,82.03,182.17,264.2,0
20,1,9,18,9,149.86,186.09,335.95,0
70,1,9,19,2,430.22,483.62,913.85,1
30,0,9,21,8,185.35,332.77,518.12,0
54,1,9,22,4,97.7,147.22,244.92,0
20,0,9,26,6,106.36,189.33,295.69,0
76,0,9,27,7,196.2,454.99,651.19,1
26,1,9,29,8,159.21,347.79,507.0,0
73,0,9,30,2,418.66,454.82,873.48,1
20,0,10,1,9,133.4,207.99,341.39,0
67,1,10,2,2,452.49,350.45,802.94,1
54,1,10,3,3,483.13,687.89,1171.03,1
52,1,10,4,2,358.66,595.28,953.94,1
83,1,10,5,0,582.42,543.35,1125.77,1
26,1,10,6,1,88.95,155.64,244.59,0
42,1,10,7,5,169.09,276.28,445.37,0
47,0,10,9,1,153.79,204.87,358.66,0
65,1,10,10,2,227.07,625.17,852.24,1
38,0,10,11,4,94.62,218.09,312.71,0
30,1,10,12,8,124.34,378.16,502.51,0
83,1,10,17,4,146.3,213.04,359.34,1
44,1,10,18,7,163.72,482.55,646.27,0
41,1,10,19,9,155.57,201.61,357.18,0
70,0,10,24,0,610.38,506.25,1116.64,1
52,0,10,25,1,137.45,231.75,369.2,0
42,0,10,26,6,73.31,222.86,296.17,0
54,1,10,27,7,372.04,352.59,724.62,0
46,1,10,28,2,406.68,364.51,771.18,1
69,1,11,1,7,264.26,351.28,615.55,1
27,0,11,2,7,210.44,409.87,620.31,0
59,0,11,3,0,507.31,408.94,916.26,1
50,1,11,4,2,330.33,495.38,825.7,1
33,1,11,5,4,144.75,232.13,376.87,0
41,1,11,6,4,120.67,179.65,300.33,0
41,0,11,7,4,109.01,243.96,352.98,0
69,0,11,8,3,595.19,634.31,1229.5,1
40,1,11,9,8,165.26,217.56,382.83,0
44,0,11,10,4,88.08,213.06,301.15,0
33,1,11,12,9,146.63,258.06,404.69,0
54,0,11,13,4,159.0,182.35,341.36,0
76,1,11,14,3,516.39,696.1,1212.48,1
45,0,11,17,2,332.57,330.37,662.94,1
67,0,11,18,2,284.7,485.33,770.03,1
50,0,11,19,9,178.16,187.84,366.0,0
29,1,11,20,4,61.75,282.07,343.83,0
75,1,11,21,0,508.62,513.24,1021.85,1
38,1,11,22,5,170.23,356.02,526.25,0
40,0,11,23,9,178.27,168.53,346.8,0
57,1,11,24,2,292.71,511.74,804.45,1
60,0,11,25,2,428.23,458.56,886.79,1
20,0,11,26,4,56.48,91.71,148.19,0
20,0,11,27,8,114.06,345.32,459.38,0
68,0,11,28,7,212.75,566.86,779.61,1
20,1,11,29,4,109.66,256.29,365.95,0
20,0,11,30,4,73.15,106.23,179.37,0
34,1,12,1,2,249.46,561.51,810.97,1
22,1,12,2,4,92.37,272.63,364.99,0
20,0,12,3,6,94.28,186.41,280.69,0
41,0,12,4,8,197.45,336.58,534.03,0
70,1,12,5,0,383.33,426.26,809.59,1
44,0,12,6,0,479.16,475.67,954.83,1
85,1,12,7,0,432.75,548.32,981.07,1
55,0,12,8,9,203.44,298.05,501.49,0
50,0,12,9,0,316.35,501.94,818.29,1
40,1,12,10,3,505.82,769.55,1275.37,1
85,0,12,12,3,586.86,722.49,1309.35,1
24,0,12,13,7,218.84,301.74,520.58,0
40,1,12,14,2,256.98,340.1,597.08,1
56,1,12,15,9,211.65,321.23,532.88,0
85,1,12,16,0,601.6,583.53,1185.13,1
56,0,12,21,5,182.43,290.33,472.76,1
46,0,12,22,4,113.0,104.65,217.65,0
70,0,12,23,3,495.07,751.38,1246.45,1
57,1,12,24,7,255.88,428.33,684.21,0
72,1,12,25,3,662.33,798.86,1461.19,1
43,1,12,26,9,195.8,217.15,412.96,0
37,1,12,27,4,118.22,291.58,409.8,1
44,1,12,28,7,215.08,360.93,576.0,0
20,0,12,29,6,63.81,90.07,153.89,0
20,1,12,30,6,59.44,114.95,174.39,0
20,0,12,31,7,257.93,408.68,666.62,0
64,0,1,1,3,509.81,756.33,1266.15,1
48,0,1,2,2,409.41,587.82,997.23,1
46,1,1,3,2,318.6,414.96,733.55,1
62,1,1,6,2,264.56,516.32,780.87,1
45,0,1,7,6,89.08,212.79,301.87,0
51,1,1,8,5,184.67,268.85,453.51,0
21,1,1,9,5,189.71,304.93,494.64,0
20,1,1,12,4,115.14,162.15,277.3,0
35,1,1,13,8,98.36,376.08,474.45,0
40,0,1,14,0,355.08,441.65,796.74,1
51,0,1,15,0,485.2,515.27,1000.47,1
47,1,1,16,9,125.23,173.29,298.52,0
20,1,1,17,9,169.56,170.65,340.2,0
46,0,1,18,7,156.64,382.23,538.87,0
20,0,1,19,8,178.09,320.07,498.16,0
27,0,1,20,9,117.56,228.08,345.64,0
59,0,1,21,0,487.73,505.39,993.12,1
31,0,1,22,0,501.89,304.39,806.29,1
45,0,1,23,9,120.99,197.11,318.11,0
59,1,1,24,2,234.78,409.07,643.84,1
46,0,1,26,5,279.33,330.28,609.61,0
62,1,1,27,2,392.97,422.13,815.1,1
62,1,1,28,9,122.8,289.07,411.87,1
41,0,1,29,5,285.28,364.91,650.19,0
38,1,1,30,7,172.87,460.34,633.2,0
61,1,1,31,2,422.59,339.46,762.05,1
33,0,2,1,6,97.53,195.91,293.44,0
65,0,2,6,3,665.2,657.61,1322.82,1
25,1,2,7,6,89.05,117.21,206.26,0
20,1,2,8,6,91.11,174.34,265.45,0
35,0,2,9,7,328.16,450.59,778.75,0
23,1,2,10,5,157.37,210.04,367.41,0
80,1,2,11,2,342.59,621.61,964.2,1
36,1,2,12,0,415.08,388.33,803.41,1
20,0,2,13,1,113.2,168.2,281.4,0
20,0,2,14,4,97.29,165.93,263.22,0
73,1,2,15,3,466.67,929.87,1396.54,0
56,1,2,16,2,291.46,599.0,890.45,1
54,0,2,17,1,126.91,309.98,436.89,0
51,0,2,18,2,357.81,361.78,719.59,1
49,0,2,19,7,295.26,328.92,624.18,0
49,0,2,20,2,260.21,317.41,577.63,1
65,0,2,21,5,294.99,382.18,677.17,1
37,1,2,22,0,333.89,469.09,802.98,1
41,0,2,23,4,92.82,291.1,383.92,0
64,1,2,24,0,399.65,544.64,944.29,1
44,0,2,25,5,214.26,215.42,429.68,0
26,1,2,26,1,104.9,183.19,288.09,0
43,0,2,27,7,191.78,326.51,518.29,0
55,1,2,28,0,468.05,336.54,804.59,1
42,0,3,1,7,158.04,357.37,515.41,0
71,1,3,2,2,303.67,673.43,977.09,0
79,0,3,3,4,97.33,212.86,310.19,1
23,0,3,4,4,113.59,109.98,223.58,0
20,0,3,5,4,123.19,96.73,219.93,0
36,1,3,6,9,120.69,178.7,299.39,0
85,1,3,7,4,150.52,282.09,432.61,1
42,1,3,8,0,460.43,492.91,953.33,1
81,1,3,9,3,629.1,629.61,1258.72,1
80,0,3,10,2,448.91,556.97,1005.88,1
23,0,3,11,4,61.28,145.6,206.88,0
66,0,3,12,2,400.46,426.44,826.9,1
67,1,3,13,9,223.79,253.38,477.16,1
27,1,3,14,4,94.67,210.31,304.97,0
51,0,3,15,0,547.42,460.52,1007.94,1
36,0,3,16,7,256.92,324.29,581.21,0
54,0,3,17,3,615.07,749.8,1364.87,1
52,0,3,18,2,250.22,352.45,602.67,1
36,1,3,19,0,371.73,489.3,861.04,1
35,1,3,20,4,101.9,282.46,384.36,0
50,1,3,21,2,379.79,563.71,943.5,1
42,1,3,22,9,170.05,192.38,362.43,0
41,1,3,23,2,376.63,437.6,814.23,1
63,1,3,24,2,424.07,448.91,872.97,1
51,0,3,25,4,109.25,270.89,380.14,0
20,0,3,26,1,107.34,255.66,363.0,0
60,1,3,27,0,601.25,536.57,1137.82,1
43,1,3,28,6,117.77,177.54,295.31,0
20,1,3,29,4,45.33,171.1,216.43,0
80,0,3,30,2,418.97,427.56,846.53,1
61,1,3,31,0,594.59,546.26,1140.85,1
20,0,4,1,6,81.11,207.15,288.26,0
54,1,4,2,0,542.54,412.13,954.67,1
63,0,4,3,0,488.58,370.77,859.35,1
46,1,4,4,7,299.13,502.21,801.34,0
66,1,4,5,2,229.71,655.12,884.83,1
31,1,4,6,7,239.39,440.42,679.81,0
29,0,4,7,8,105.32,350.85,456.17,0
20,0,4,8,4,118.84,216.69,335.53,0
32,0,4,9,4,73.69,222.47,296.16,0
20,1,4,14,6,76.39,92.1,168.48,0
43,0,4,15,0,547.89,506.04,1053.93,1
54,0,4,18,1,145.62,253.25,398.87,0
41,0,4,19,6,91.49,166.44,257.93,0
42,1,4,20,1,125.15,190.92,316.08,0
20,0,4,23,4,101.6,196.79,298.39,1
56,0,4,24,2,374.58,642.63,1017.21,1
73,1,4,25,0,505.44,406.64,912.08,1
57,0,4,26,0,579.11,461.65,1040.77,1
59,0,4,27,6,73.76,132.8,206.56,0
30,1,4,28,6,68.85,109.35,178.2,0
66,1,4,29,3,546.9,866.61,1413.51,1
56,0,4,30,2,254.59,507.8,762.4,1
40,0,5,1,9,160.0,150.75,310.75,0
26,1,5,2,8,141.17,327.54,468.71,0
68,0,5,3,2,247.02,578.53,825.55,1
69,0,5,4,0,501.37,410.9,912.27,1
20,1,5,5,6,67.51,116.71,184.22,0
44,0,5,6,2,245.99,526.95,772.94,1
20,0,5,7,1,111.24,216.98,328.23,0
45,0,5,8,4,142.42,298.91,441.33,1
38,0,5,9,0,304.41,332.62,637.03,1
43,0,5,10,3,481.45,551.66,1033.11,1
68,1,5,11,3,585.38,679.97,1265.36,1
84,0,5,12,4,73.56,189.84,263.4,0
44,0,5,13,7,241.78,471.93,713.71,0
53,1,5,14,9,151.36,179.57,330.94,0
56,0,5,15,0,497.79,508.92,1006.71,1
58,1,5,19,2,334.3,499.5,833.79,1
51,1,5,20,5,201.72,370.03,571.75,0
29,1,5,21,4,113.07,180.42,293.48,0
63,1,5,23,2,233.67,337.98,571.64,1
68,0,5,24,3,476.07,817.64,1293.71,1
25,0,5,25,9,172.79,174.78,347.57,0
69,0,5,26,0,518.9,529.56,1048.46,1
57,0,5,27,2,286.3,373.67,659.97,1
33,0,5,28,7,245.45,335.92,581.37,0
70,1,5,29,3,520.68,677.2,1197.88,1
31,1,5,30,7,157.6,380.97,538.57,0
65,1,5,31,3,473.52,632.92,1106.44,1
44,0,6,1,7,286.68,478.95,765.63,0
51,0,6,2,1,122.32,281.69,404.01,0
46,1,6,3,9,162.46,170.27,332.72,0
24,0,6,4,6,65.52,95.94,161.47,0
67,1,6,5,0,400.67,430.6,831.28,1
76,0,6,6,2,389.07,613.13,1002.2,1
46,0,6,7,4,102.34,192.31,294.66,0
60,1,6,8,2,227.85,417.84,645.69,1
20,1,6,9,4,54.12,222.11,276.22,0
39,1,6,10,0,370.14,417.17,787.3,1
36,1,6,11,5,272.33,330.84,603.16,0
20,0,6,12,6,61.66,91.72,153.38,0
22,0,6,13,6,63.92,194.78,258.7,1
36,0,6,14,4,73.26,119.44,192.7,0
45,1,6,15,4,68.4,132.55,200.95,0
33,1,6,16,4,82.1,201.82,283.92,0
62,0,6,17,0,425.61,447.96,873.57,1
55,1,6,18,0,462.06,460.06,922.12,1
25,1,6,19,0,284.65,384.35,669.0,1
55,0,6,20,3,635.29,743.49,1378.78,1
35,0,6,21,9,182.92,171.84,354.76,0
20,0,6,22,9,114.86,160.73,275.59,0
47,0,6,23,5,243.22,371.05,614.28,0
65,1,6,24,4,73.15,330.0,403.15,1
74,0,6,25,2,302.97,510.3,813.27,1
51,1,6,26,0,430.0,455.81,885.81,0
57,0,6,27,5,244.45,425.0,669.45,0
37,0,7,1,4,139.7,155.79,295.49,0
28,0,7,4,4,137.89,112.45,250.34,0
35,0,7,5,7,209.13,405.24,614.38,0
50,0,7,6,0,337.47,434.0,771.47,1
55,1,7,7,2,328.21,546.36,874.57,1
38,0,7,8,4,91.13,180.23,271.36,1
41,1,7,9,5,243.49,261.78,505.27,0
25,1,7,10,6,104.22,99.93,204.15,0
38,1,7,11,1,139.83,216.84,356.67,0
72,1,7,12,0,376.25,415.41,791.66,1
51,1,7,13,5,166.64,254.27,420.91,0
20,1,7,14,6,88.54,110.89,199.44,0
20,0,7,15,7,171.13,282.09,453.21,0
74,0,7,16,3,578.86,877.29,1456.14,1
20,1,7,17,4,61.56,132.29,193.85,0
25,1,7,18,1,113.96,198.74,312.7,0
45,1,7,19,2,357.04,475.6,832.65,1
27,1,7,20,0,344.82,352.65,697.47,1
63,1,7,21,0,367.99,421.34,789.33,1
69,1,7,22,2,436.72,674.22,1110.94,1
46,0,7,23,0,529.38,412.66,942.04,1
28,1,7,24,2,216.46,466.97,683.44,1
33,0,7,25,5,240.06,371.23,611.29,0
31,0,7,26,8,112.73,326.32,439.05,0
20,1,7,27,8,142.27,285.21,427.47,0
66,0,7,28,3,602.35,734.31,1336.66,1
59,1,7,29,2,411.89,567.7,979.59,1
66,0,7,31,2,417.38,363.71,781.08,1
56,1,8,1,0,512.66,405.57,918.22,1
20,0,8,2,4,106.1,130.59,236.69,0
74,0,8,3,2,239.67,687.9,927.57,1
52,0,8,4,0,426.13,433.88,860.0,1
34,0,8,5,4,129.24,207.65,336.89,0
20,0,8,6,1,99.65,219.44,319.09,0
48,1,8,7,0,342.66,359.96,702.62,1
20,1,8,8,6,67.57,184.94,252.52,0
26,1,8,9,1,135.06,209.26,344.32,0
41,1,8,10,8,194.66,398.97,593.63,0
34,1,8,11,0,476.45,318.02,794.47,1
48,1,8,12,3,431.17,815.78,1246.94,1
77,0,8,13,0,376.46,454.15,830.61,1
57,1,8,18,2,324.76,398.82,723.58,1
51,0,8,19,2,222.68,561.35,784.03,1
36,1,8,20,8,103.11,346.07,449.18,0
52,0,8,21,2,237.01,513.78,750.79,1
83,0,8,22,3,508.35,611.16,1119.52,1
50,1,8,23,9,106.56,270.87,377.44,0
47,0,8,24,0,391.78,435.2,826.98,1
77,0,8,27,7,333.36,373.6,706.96,1
20,0,8,28,6,100.37,149.88,250.25,0
49,0,8,29,4,80.21,250.33,330.54,0
59,0,8,30,0,384.22,358.53,742.75,1
75,1,8,31,2,405.35,630.25,1035.6,1
66,1,9,1,9,115.41,311.26,426.66,1
60,1,9,2,2,408.01,456.7,864.71,0
57,0,9,3,3,474.02,682.82,1156.84,1
46,0,9,4,9,196.74,271.07,467.8,0
31,1,9,5,5,192.09,349.38,541.48,0
70,0,9,6,1,136.54,336.8,473.34,1
37,0,9,7,4,120.09,250.0,370.09,0
55,0,9,12,2,218.26,580.37,798.63,1
57,1,9,13,0,480.41,333.88,814.28,1
43,0,9,14,2,318.39,402.24,720.63,1
48,0,9,15,2,215.7,423.92,639.62,1
73,1,9,16,0,527.26,422.67,949.93,1
58,0,9,17,3,543.89,619.37,1163.26,1
47,0,9,18,2,214.97,523.02,737.99,1
66,0,9,19,2,387.49,426.82,814.31,1
37,1,9,20,8,132.95,212.26,345.21,0
33,1,9,21,8,176.51,324.44,500.95,0
69,1,9,22,0,569.11,420.21,989.32,1
33,1,9,23,7,175.69,298.11,473.8,0
20,0,9,25,1,104.18,240.42,344.6,0
77,1,9,26,0,528.12,511.22,1039.34,1
32,1,9,27,9,191.26,225.42,416.68,0
36,0,9,28,5,271.6,299.44,571.04,0
74,1,9,29,0,408.04,485.61,893.65,1
70,1,9,30,3,532.41,910.48,1442.88,1
65,0,10,1,2,351.1,363.3,714.4,1
85,0,10,2,3,692.82,975.13,1667.94,1
22,1,10,3,8,163.42,244.17,407.59,0
35,1,10,4,8,159.18,345.67,504.85,0
36,0,10,5,4,124.02,237.43,361.45,0
63,0,10,6,2,260.23,358.92,619.15,1
77,1,10,7,0,474.69,487.49,962.18,1
32,0,10,8,8,155.2,382.87,538.07,0
33,1,10,9,6,94.43,203.72,298.14,0
52,0,10,10,5,252.74,385.86,638.6,0
39,0,10,11,7,239.5,362.27,601.77,0
56,0,10,12,3,538.55,555.65,1094.2,1
39,1,10,13,0,394.04,449.2,843.24,1
20,1,10,14,4,70.04,248.33,318.37,0
85,0,10,15,0,501.92,584.41,1086.33,1
46,0,10,17,2,248.61,568.19,816.8,1
57,1,10,18,2,397.65,333.89,731.54,1
56,1,10,23,2,314.03,621.43,935.46,1
41,0,10,25,4,58.98,128.0,186.98,0
49,1,10,26,5,191.62,224.54,416.16,0
57,0,10,27,7,178.83,474.78,653.61,0
46,1,10,28,0,525.67,445.19,970.86,1
63,1,10,29,3,576.75,849.22,1425.98,1
35,0,10,30,1,128.07,187.58,315.65,0
57,1,10,31,2,231.6,507.04,738.64,1
69,1,11,1,7,316.26,397.25,713.5,1
39,0,11,2,1,140.55,248.95,389.49,0
49,1,11,3,4,62.34,127.98,190.32,0
64,1,11,4,0,521.48,361.94,883.42,1
62,0,11,5,7,338.26,440.39,778.65,1
62,1,11,6,2,281.48,404.63,686.11,1
35,1,11,7,0,369.92,368.82,738.74,1
44,0,11,8,5,205.0,370.98,575.97,0
22,0,11,9,8,161.94,202.08,364.02,0
53,1,11,10,2,366.83,575.87,942.71,1
53,1,11,11,7,270.22,396.63,666.85,0
73,1,11,12,0,396.51,436.61,833.12,1
60,1,11,13,2,224.41,640.32,864.72,1
59,0,11,14,0,335.14,466.81,801.95,1
70,1,11,15,7,202.67,515.32,718.0,1
62,1,11,16,2,386.87,513.39,900.25,1
85,0,11,17,3,638.39,727.23,1365.62,1
46,1,11,18,4,61.77,302.67,364.44,0
20,1,11,19,9,140.49,200.25,340.74,0
51,1,11,20,9,182.26,308.82,491.08,0
42,1,11,21,4,73.94,175.7,249.65,0
75,0,11,22,2,274.78,657.35,932.13,1
48,0,11,23,4,139.32,262.2,401.52,1
27,0,11,24,1,77.19,236.88,314.07,0
25,0,11,25,5,249.01,285.93,534.95,0
30,1,11,26,4,129.07,283.62,412.7,1
49,1,11,27,2,211.85,476.5,688.35,1
20,1,11,28,6,80.74,174.53,255.27,0
67,0,11,29,2,253.69,679.55,933.24,1
70,1,11,30,7,257.98,494.55,752.53,1
42,0,12,1,4,75.88,194.5,270.38,0
45,0,12,4,2,290.34,353.73,644.07,1
51,0,12,8,7,271.71,386.35,658.06,0
62,0,12,9,7,362.6,409.58,772.18,0
23,1,12,10,8,119.48,297.28,416.76,0
58,1,12,11,2,251.23,565.93,817.15,1
28,1,12,12,8,166.01,250.07,416.08,0
57,0,12,13,3,434.58,617.96,1052.54,1
34,1,12,16,6,77.02,227.36,304.38,0
53,0,12,17,0,452.72,344.48,797.21,1
61,0,12,18,0,563.18,401.55,964.73,1
22,0,12,19,9,166.86,233.6,400.46,0
38,0,12,20,7,258.97,383.21,642.18,0
48,1,12,21,5,209.97,296.21,506.18,0
49,0,12,22,0,557.3,521.55,1078.84,1
80,1,12,23,0,633.31,579.79,1213.11,1
39,1,12,24,7,228.51,496.65,725.16,0
34,0,12,25,1,136.21,280.46,416.67,0
51,0,12,26,5,260.72,326.12,586.84,0
23,1,12,27,7,169.62,430.22,599.85,0
20,1,12,28,7,146.22,287.55,433.76,0
32,1,12,31,0,449.28,460.74,910.01,1
60,0,1,1,4,158.46,198.7,357.16,0
53,1,1,2,2,269.79,374.64,644.43,1
85,1,1,3,2,427.97,675.41,1103.39,0
23,0,1,4,4,122.25,107.26,229.51,0
66,1,1,5,3,585.6,892.39,1477.99,1
65,1,1,6,4,154.93,324.73,479.66,1
64,1,1,7,5,292.0,293.55,585.55,1
85,0,1,8,0,436.7,413.62,850.32,1
73,0,1,9,0,492.18,484.34,976.52,1
72,0,1,10,2,425.66,482.22,907.87,1
53,1,1,11,7,305.02,380.99,686.01,0
72,1,1,15,3,572.5,590.94,1163.45,1
23,0,1,16,4,75.3,194.67,269.97,0
20,0,1,20,1,72.5,191.89,264.39,0
54,0,1,21,0,445.88,360.84,806.72,0
42,0,1,22,7,299.15,398.66,697.81,0
38,1,1,23,7,207.93,489.21,697.15,0
48,1,1,24,4,132.5,302.43,434.93,1
39,1,1,25,6,117.32,240.22,357.54,0
41,1,1,28,5,158.86,219.17,378.03,0
77,0,1,29,2,237.2,407.93,645.13,1
20,1,1,30,1,99.5,232.76,332.26,0
31,0,1,31,4,80.67,185.42,266.09,0
20,0,2,1,1,116.49,238.01,354.5,0
20,0,2,2,4,74.44,140.98,215.42,0
59,0,2,3,2,325.94,571.73,897.67,1
53,1,2,4,0,409.99,494.85,904.84,1
78,1,2,5,2,282.74,432.41,715.15,1
67,0,2,6,2,297.62,570.43,868.05,1
20,1,2,7,4,91.56,109.16,200.72,0
67,1,2,8,1,91.77,224.56,316.34,1
63,1,2,9,7,316.7,428.71,745.41,1
32,0,2,10,8,173.03,278.45,451.48,0
33,0,2,11,9,107.28,170.64,277.91,0
48,1,2,12,2,405.23,532.76,937.99,1
27,0,2,13,4,90.21,100.95,191.16,0
75,0,2,14,3,549.3,691.89,1241.19,1
72,0,2,15,4,109.83,185.06,294.89,0
58,0,2,16,5,204.15,236.32,440.47,0
20,0,2,17,6,72.65,151.83,224.49,0
38,0,2,22,0,333.32,490.41,823.74,1
57,0,2,23,0,498.22,391.03,889.25,1
20,1,2,24,1,99.31,150.72,250.02,0
30,0,2,25,8,170.4,321.91,492.31,0
52,1,2,26,0,500.55,357.37,857.92,1
38,1,2,27,7,202.49,377.62,580.11,1
20,1,2,28,4,116.12,204.27,320.4,0
66,1,3,1,2,291.05,580.38,871.43,1
23,1,3,2,8,135.02,285.05,420.07,0
20,0,3,3,1,103.44,206.85,310.29,0
20,0,3,4,9,146.82,210.78,357.6,0
54,0,3,5,0,405.35,465.34,870.7,0
42,1,3,6,8,142.95,356.52,499.47,0
79,1,3,7,0,519.11,448.94,968.05,1
29,0,3,8,9,148.44,167.07,315.51,0
23,0,3,9,8,123.71,222.85,346.56,0
52,1,3,10,7,304.61,452.22,756.83,0
20,1,3,11,1,103.17,197.63,300.8,0
59,0,3,12,0,474.32,401.66,875.98,1
51,0,3,13,9,148.79,258.96,407.75,0
37,0,3,14,8,170.62,383.26,553.88,0
43,0,3,15,7,345.47,309.11,654.59,0
25,1,3,16,1,129.06,161.14,290.2,0
41,0,3,17,0,375.11,481.28,856.4,1
23,1,3,18,9,164.4,270.77,435.17,0
21,0,3,19,6,103.65,123.74,227.39,0
37,1,3,20,1,147.44,275.14,422.58,0
70,0,3,21,2,408.62,568.25,976.86,1
42,0,3,22,0,403.6,469.11,872.7,1
67,1,3,23,7,270.14,519.25,789.39,1
36,1,3,24,5,163.43,229.11,392.55,0
64,0,3,25,3,469.76,775.72,1245.48,1
31,0,3,26,5,192.3,322.64,514.94,0
20,1,3,27,8,158.52,206.64,365.16,0
50,1,3,28,5,205.8,360.33,566.13,0
68,1,3,29,2,411.59,385.97,797.55,1
56,0,3,30,2,261.72,422.16,683.88,1
36,1,3,31,4,109.61,131.4,241.01,0
62,0,4,1,0,589.99,476.94,1066.93,1
41,0,4,2,2,391.34,404.72,796.06,1
37,1,4,3,7,217.98,385.99,603.97,0
56,0,4,6,7,248.07,345.35,593.42,0
20,0,4,7,1,105.88,145.73,251.6,0
67,0,4,8,3,621.85,802.34,1424.19,1
43,1,4,9,2,401.81,385.42,787.24,1
31,0,4,10,6,64.9,138.87,203.77,0
34,1,4,11,4,100.58,248.59,349.18,0
20,0,4,12,4,87.84,107.98,195.82,0
37,1,4,13,8,183.32,218.97,402.29,0
24,1,4,14,9,115.16,194.19,309.35,0
20,1,4,15,4,130.63,143.93,274.56,0
39,1,4,16,4,112.03,121.68,233.71,0
57,1,4,17,4,71.95,122.73,194.68,0
29,0,4,18,7,243.54,318.02,561.57,0
55,1,4,19,0,528.48,423.95,952.43,1
61,1,4,22,0,384.51,419.07,803.58,1
50,1,4,23,9,208.02,260.42,468.45,0
38,1,4,24,4,134.27,159.12,293.38,0
27,0,4,25,4,86.52,167.09,253.61,0
42,0,4,26,0,506.36,499.95,1006.3,1
46,1,4,27,7,207.22,480.51,687.73,1
20,1,4,28,8,107.95,218.7,326.65,0
24,1,4,29,2,317.0,535.85,852.86,1
51,1,5,1,7,350.03,419.27,769.29,0
70,1,5,2,2,308.82,530.57,839.39,1
20,1,5,3,0,444.43,344.48,788.91,1
20,0,5,4,8,129.44,239.01,368.46,0
54,0,5,5,7,190.56,485.76,676.32,0
55,0,5,6,6,93.26,250.14,343.4,0
65,1,5,7,3,668.57,649.92,1318.49,1
20,1,5,10,4,117.55,233.66,351.2,0
26,1,5,11,8,185.6,364.52,550.12,0
38,0,5,12,8,161.8,343.42,505.22,0
20,0,5,14,1,77.53,259.54,337.06,0
20,0,5,16,1,101.34,255.06,356.4,0
37,0,5,17,7,214.69,399.46,614.15,0
20,0,5,18,4,71.44,202.26,273.71,0
66,1,5,19,3,502.37,793.67,1296.04,1
49,0,5,20,6,118.71,216.56,335.27,0
68,1,5,21,3,461.98,775.86,1237.84,1
51,1,5,22,0,399.67,365.05,764.72,1
62,0,5,23,3,648.21,812.19,1460.4,0
41,0,5,24,2,375.37,559.04,934.41,1
73,1,5,25,3,554.66,867.17,1421.83,1
59,1,5,26,2,264.91,637.52,902.43,1
63,1,5,27,3,466.25,727.06,1193.31,1
85,1,5,28,4,112.7,358.08,470.79,1
40,1,5,29,4,134.78,160.14,294.92,0
20,1,5,30,6,54.86,220.17,275.03,0
54,1,5,31,2,215.98,487.48,703.46,1
52,0,6,1,1,133.84,218.1,351.94,0
40,1,6,2,9,174.2,271.55,445.74,0
42,1,6,3,2,243.22,425.31,668.53,1
51,1,6,4,5,210.72,398.54,609.26,0
31,0,6,5,5,246.75,223.42,470.17,0
71,0,6,6,9,128.48,255.66,384.15,1
51,0,6,7,1,144.18,158.36,302.54,0
38,1,6,8,7,220.89,418.49,639.38,0
77,0,6,9,3,525.98,638.65,1164.62,1
40,1,6,10,5,192.34,323.0,515.35,0
67,0,6,11,0,616.86,492.22,1109.08,1
62,1,6,12,0,437.0,365.24,802.24,1
32,1,6,13,7,296.49,476.07,772.56,1
22,1,6,14,4,46.57,178.5,225.07,0
55,0,6,15,4,76.84,241.08,317.93,0
20,0,6,16,6,72.21,210.49,282.7,0
26,0,6,17,4,55.47,252.26,307.73,0
30,1,6,18,7,325.8,308.98,634.79,0
45,1,6,19,5,173.17,276.26,449.43,0
76,1,6,20,4,170.07,353.66,523.72,1
54,1,6,21,3,587.34,703.71,1291.05,1
30,1,6,22,1,100.12,175.34,275.45,0
66,1,6,23,7,312.99,533.12,846.11,1
28,0,6,26,1,93.52,276.23,369.75,0
44,0,6,27,4,64.88,293.38,358.27,1
54,0,6,28,3,584.96,725.67,1310.63,1
38,0,6,29,1,132.19,268.34,400.52,0
31,0,6,30,4,66.22,254.86,321.07,0
71,1,7,4,2,401.86,673.71,1075.57,1
74,0,7,5,2,261.45,460.22,721.66,1
85,0,7,6,0,405.74,549.51,955.25,1
33,0,7,7,6,112.88,102.43,215.31,0
30,1,7,8,8,178.24,321.37,499.62,0
62,1,7,9,2,384.45,652.59,1037.04,1
27,0,7,10,4,106.41,255.29,361.69,0
50,1,7,11,7,226.55,455.07,681.62,0
62,1,7,12,3,553.88,751.83,1305.72,1
29,0,7,13,8,173.64,260.03,433.67,0
38,0,7,18,8,177.57,386.91,564.47,0
20,0,7,19,8,153.84,288.69,442.52,0
52,0,7,20,1,127.34,242.12,369.46,0
64,0,7,21,7,173.74,462.99,636.74,0
27,1,7,23,1,122.52,259.38,381.9,0
23,1,7,24,0,453.77,333.89,787.66,1
58,0,7,25,3,604.04,723.96,1328.0,1
55,0,7,26,1,150.46,215.07,365.53,0
29,0,7,27,1,82.3,244.09,326.39,0
28,0,7,28,5,169.5,348.92,518.43,0
33,1,7,29,5,283.61,255.29,538.9,0
50,0,7,30,5,242.28,293.57,535.85,0
33,1,7,31,6,96.3,219.86,316.16,0
21,0,8,1,6,59.93,220.29,280.21,0
31,1,8,2,9,126.43,175.46,301.88,0
55,1,8,3,2,263.26,546.66,809.92,1
48,1,8,4,2,269.73,612.95,882.69,1
40,1,8,5,8,156.81,282.46,439.27,0
36,0,8,6,5,250.89,388.46,639.35,0
73,1,8,7,0,453.5,572.74,1026.23,1
78,1,8,8,2,456.36,708.83,1165.19,1
74,0,8,9,3,549.51,831.45,1380.96,1
24,0,8,10,8,96.89,297.86,394.75,0
31,1,8,11,8,148.88,201.99,350.88,0
59,0,8,12,2,376.43,515.66,892.1,1
20,1,8,13,4,113.79,114.0,227.8,0
59,0,8,14,0,484.5,520.34,1004.84,1
37,0,8,15,0,297.17,415.59,712.76,1
62,0,8,16,7,284.11,495.14,779.25,1
20,1,8,17,1,73.86,260.39,334.25,0
29,1,8,18,8,184.18,262.23,446.41,0
67,1,8,19,3,524.64,627.91,1152.55,1
29,1,8,20,4,68.67,280.79,349.45,0
70,1,8,21,3,662.24,596.01,1258.25,1
29,0,8,22,9,144.5,142.41,286.91,0
47,0,8,23,1,152.04,184.51,336.55,0
43,0,8,24,2,341.69,351.6,693.28,1
37,1,8,25,4,129.46,186.19,315.65,0
83,0,8,27,2,408.98,579.59,988.57,1
20,1,8,28,9,172.8,261.61,434.41,0
25,1,8,29,9,154.36,147.83,302.19,0
46,1,8,30,5,160.93,218.08,379.0,0
33,1,8,31,1,83.34,239.53,322.88,0
42,1,9,1,4,105.68,141.59,247.27,0
44,1,9,2,4,89.46,202.05,291.52,0
64,1,9,3,0,613.84,508.65,1122.49,1
76,1,9,4,3,493.05,905.8,1398.85,1
44,0,9,5,5,234.75,213.63,448.38,0
37,0,9,6,5,225.17,232.12,457.29,0
50,0,9,7,9,198.7,269.7,468.4,0
82,0,9,8,2,465.14,437.79,902.93,1
35,0,9,10,9,193.74,267.14,460.88,0
20,1,9,11,8,145.96,226.47,372.43,0
76,1,9,12,3,679.37,850.77,1530.14,1
53,1,9,13,0,543.85,359.86,903.71,1
33,0,9,14,2,341.06,326.81,667.87,1
37,0,9,15,6,87.97,125.59,213.56,0
46,0,9,19,0,382.76,485.23,867.99,1
36,0,9,20,9,152.37,220.2,372.57,0
68,0,9,25,3,645.95,633.09,1279.04,1
38,1,9,26,4,63.63,217.21,280.84,0
68,1,9,29,2,231.24,394.23,625.47,1
60,1,9,30,3,581.71,679.13,1260.84,1
52,0,10,1,7,230.21,470.89,701.1,1
25,0,10,2,8,105.76,363.37,469.13,0
68,0,10,3,2,392.27,589.64,981.91,1
67,1,10,4,2,227.78,360.39,588.17,1
20,1,10,5,8,96.65,296.8,393.45,0
56,0,10,10,4,152.31,159.34,311.64,0
24,0,10,11,4,128.67,175.58,304.25,0
52,0,10,12,9,147.18,199.9,347.07,0
64,1,10,13,2,327.02,574.79,901.82,1
83,0,10,14,3,584.61,929.58,1514.19,1
51,0,10,15,0,491.99,344.59,836.58,1
61,1,10,16,3,635.07,771.07,1406.13,1
64,1,10,21,3,479.66,596.51,1076.16,1
56,0,10,22,2,262.91,502.75,765.66,1
52,0,10,23,9,108.53,191.83,300.35,0
20,1,10,24,7,238.51,414.15,652.66,0
27,1,10,25,5,208.51,301.14,509.64,0
28,0,10,26,7,288.95,298.12,587.07,1
69,1,10,27,0,601.64,389.99,991.63,1
41,0,10,28,8,183.74,296.49,480.23,0
58,0,10,29,2,409.96,380.38,790.35,1
42,0,11,3,7,292.87,359.81,652.68,0
26,1,11,4,6,61.22,98.49,159.71,0
37,1,11,5,8,195.8,268.39,464.19,0
21,1,11,6,9,176.17,212.69,388.86,0
48,1,11,10,7,296.89,502.69,799.58,0
51,0,11,13,5,308.39,228.53,536.92,0
45,0,11,14,4,68.58,277.01,345.59,0
38,0,11,15,4,139.18,109.3,248.47,0
70,0,11,16,0,423.44,573.87,997.31,1
27,0,11,17,2,369.93,455.58,825.51,1
48,0,11,18,4,55.74,243.76,299.5,0
21,0,11,19,4,76.21,261.17,337.38,0
38,1,11,20,2,287.08,496.53,783.6,1
40,1,11,22,1,87.49,161.16,248.66,0
57,1,11,23,1,87.53,164.94,252.47,0
26,0,11,24,8,182.8,366.25,549.06,0
71,0,11,25,2,393.66,415.63,809.29,1
79,1,11,26,2,428.19,442.06,870.25,1
78,0,11,27,3,670.58,847.84,1518.42,1
62,0,11,28,1,93.56,197.29,290.85,1
36,0,11,29,6,92.64,125.83,218.47,0
40,1,11,30,5,184.16,278.93,463.09,0
48,0,12,1,3,468.2,627.56,1095.76,1
51,0,12,2,0,359.03,329.5,688.54,1
49,0,12,4,2,368.77,538.0,906.77,0
66,0,12,5,5,324.5,383.77,708.27,1
31,0,12,9,4,118.63,187.27,305.9,0
66,0,12,10,3,490.54,799.2,1289.75,1
46,1,12,11,4,144.11,196.15,340.25,0
25,1,12,12,6,99.25,145.43,244.68,0
60,0,12,13,5,274.19,258.01,532.2,0
22,0,12,14,4,70.15,126.99,197.14,0
66,0,12,15,3,561.96,810.34,1372.3,1
43,0,12,18,0,331.4,497.95,829.35,1
20,1,12,19,9,162.33,191.21,353.53,1
35,0,12,20,7,229.9,316.26,546.16,0
54,1,12,21,0,580.59,334.51,915.1,1
38,0,12,22,7,328.71,475.71,804.41,0
44,1,12,27,0,508.42,448.46,956.88,1
50,1,12,30,3,592.13,678.91,1271.03,1
33,1,12,31,4,62.57,158.58,221.15,0
41,0,1,1,2,279.3,359.74,639.05,1
50,1,1,2,4,75.95,105.64,181.59,0
39,1,1,3,9,147.73,196.14,343.87,0
33,1,1,4,0,304.11,460.26,764.37,1
28,1,1,5,4,123.95,96.05,220.0,0
50,1,1,6,2,307.64,601.59,909.23,1
41,1,1,7,4,81.82,288.82,370.63,0
76,0,1,8,2,266.33,692.46,958.8,1
37,0,1,9,2,360.87,406.32,767.19,0
56,1,1,10,0,549.74,331.46,881.2,1
58,1,1,11,2,374.36,370.12,744.49,1
68,1,1,12,2,390.76,373.42,764.17,1
42,1,1,13,5,226.11,312.11,538.22,0
21,1,1,14,8,98.6,218.51,317.11,0
56,1,1,15,2,363.64,331.85,695.49,1
57,0,1,16,3,484.49,592.18,1076.67,1
72,0,1,17,2,409.6,519.3,928.9,1
65,1,1,18,3,458.1,639.96,1098.06,1
73,0,1,19,4,154.83,209.04,363.88,1
54,0,1,20,0,469.8,430.33,900.13,1
57,1,1,21,3,628.85,670.3,1299.15,1
21,1,1,22,5,163.52,201.4,364.92,0
20,1,1,23,5,234.32,233.75,468.07,0
31,0,1,24,0,299.48,406.09,705.57,1
63,1,1,25,2,225.76,612.0,837.75,1
45,0,1,26,4,91.3,257.04,348.34,0
41,1,1,27,2,222.56,301.58,524.14,1
54,1,1,28,9,139.47,221.72,361.19,0
37,1,1,29,7,339.03,441.64,780.67,0
41,1,1,30,5,286.2,261.71,547.91,0
49,1,2,2,6,121.14,131.87,253.0,0
58,1,2,3,7,223.04,331.92,554.96,0
56,1,2,4,2,362.45,333.69,696.14,1
20,1,2,5,8,93.96,191.34,285.3,0
43,0,2,6,3,460.26,711.89,1172.15,1
25,0,2,7,9,96.58,216.9,313.48,0
37,1,2,8,5,257.46,253.44,510.9,0
40,1,2,9,0,525.46,445.24,970.69,1
58,1,2,10,2,305.59,479.87,785.46,1
46,0,2,11,7,238.51,507.05,745.56,0
41,0,2,12,7,241.35,409.88,651.24,0
52,1,2,13,2,284.43,519.2,803.63,1
33,1,2,14,1,103.97,263.94,367.92,0
65,0,2,16,2,435.26,561.81,997.08,1
20,1,2,17,4,74.29,240.56,314.86,0
56,0,2,22,5,273.42,429.4,702.82,0
38,1,2,23,5,281.14,389.92,671.06,0
65,0,2,24,3,541.38,841.02,1382.39,1
68,1,2,25,2,255.61,405.51,661.12,1
39,1,2,26,4,85.32,179.7,265.02,0
69,1,2,27,0,520.76,554.08,1074.84,1
40,0,2,28,4,85.15,151.16,236.31,0
22,0,3,1,4,98.93,251.28,350.2,0
44,1,3,2,9,179.42,166.28,345.71,0
20,1,3,3,6,78.55,191.12,269.68,0
41,0,3,5,5,279.59,244.53,524.11,0
37,0,3,6,9,142.28,221.93,364.21,0
41,0,3,7,7,160.54,419.22,579.76,0
58,1,3,8,2,349.04,466.54,815.59,1
46,1,3,10,3,491.78,745.06,1236.84,1
59,1,3,11,3,512.48,771.88,1284.35,1
61,0,3,12,2,251.76,576.93,828.69,1
41,1,3,13,5,215.57,343.39,558.96,0
20,0,3,14,4,70.1,190.31,260.41,0
60,0,3,15,4,110.78,163.51,274.29,0
21,0,3,16,8,150.65,261.74,412.39,0
55,0,3,17,9,178.05,255.12,433.17,0
65,1,3,18,2,382.83,341.28,724.11,1
22,1,3,19,8,91.81,342.23,434.04,0
70,0,3,24,4,82.12,154.66,236.78,0
27,1,3,25,7,300.67,307.69,608.36,0
74,1,3,26,3,644.3,879.76,1524.06,1
52,0,3,27,5,165.82,279.94,445.77,0
21,1,3,28,4,100.13,247.42,347.55,0
45,1,3,29,6,101.23,218.65,319.88,0
29,1,3,30,4,50.17,107.04,157.21,0
63,1,3,31,2,284.86,428.44,713.3,1
30,0,4,4,8,182.34,352.52,534.86,0
42,0,4,5,7,338.04,425.25,763.29,0
57,1,4,6,7,374.37,441.1,815.48,0
36,0,4,7,6,93.75,131.49,225.25,0
28,0,4,8,0,353.99,437.24,791.23,1
64,0,4,9,7,210.19,473.32,683.52,1
20,0,4,10,7,200.07,367.7,567.77,0
72,1,4,11,2,399.68,449.43,849.1,1
76,0,4,12,3,624.8,765.92,1390.73,1
20,1,4,13,4,75.73,135.85,211.58,0
30,1,4,14,9,95.31,169.42,264.73,0
20,0,4,19,4,82.84,137.83,220.67,0
30,0,4,20,4,84.25,117.69,201.95,0
23,1,4,21,1,90.96,212.53,303.5,0
72,0,4,22,3,670.78,777.17,1447.95,0
74,1,4,23,0,421.4,402.58,823.98,1
76,1,4,24,2,366.68,466.12,832.79,1
27,1,4,25,9,102.03,244.1,346.12,0
62,1,4,26,3,534.22,635.59,1169.82,1
39,1,4,27,2,332.56,428.41,760.97,1
50,1,4,28,2,227.22,539.41,766.63,1
51,0,4,29,5,161.89,372.43,534.32,0
79,1,4,30,0,364.69,479.81,844.5,1
26,0,5,1,7,251.28,409.0,660.28,0
46,0,5,2,0,379.59,456.28,835.87,1
44,1,5,3,7,166.2,451.47,617.66,1
40,1,5,4,4,122.42,281.84,404.26,1
20,1,5,5,6,68.03,111.34,179.38,0
38,0,5,6,1,137.82,293.91,431.73,0
54,0,5,7,2,362.8,337.07,699.87,1
29,1,5,12,1,94.02,271.59,365.61,0
33,1,5,13,6,93.85,179.39,273.24,0
55,1,5,14,0,448.88,413.5,862.38,1
54,1,5,15,2,235.72,583.35,819.07,1
38,0,5,16,5,171.18,382.57,553.74,0
33,0,5,17,4,50.25,193.87,244.12,0
22,0,5,18,1,88.21,219.62,307.83,0
56,0,5,19,2,239.73,404.42,644.15,1
79,1,5,20,2,307.64,548.11,855.75,1
33,1,5,21,6,84.92,190.2,275.12,0
36,1,5,22,5,223.95,275.9,499.86,0
33,1,5,23,8,131.96,250.6,382.56,0
55,1,5,24,2,319.75,564.48,884.23,1
53,0,5,25,1,144.13,279.44,423.57,0
30,0,5,26,6,108.51,131.04,239.55,0
32,0,5,27,4,87.92,105.86,193.78,0
65,0,5,28,2,329.65,467.96,797.61,1
20,1,5,29,1,106.75,140.47,247.22,0
53,0,5,30,3,622.38,585.52,1207.9,1
45,1,5,31,2,309.45,501.43,810.88,1
37,0,6,1,4,110.49,154.63,265.13,0
60,0,6,2,5,236.51,333.07,569.59,0
85,0,6,3,2,482.19,710.36,1192.55,1
64,0,6,4,0,375.82,540.96,916.78,1
66,1,6,5,2,228.74,384.07,612.81,1
20,1,6,6,4,96.14,268.28,364.41,0
33,0,6,9,5,176.46,369.62,546.08,0
20,0,6,10,1,93.59,233.27,326.86,0
35,0,6,11,7,209.92,322.84,532.77,0
26,1,6,12,1,125.07,173.72,298.79,0
47,1,6,13,0,562.2,515.7,1077.9,1
20,1,6,14,1,106.97,249.01,355.97,0
56,1,6,19,7,271.26,413.13,684.39,0
47,1,6,20,2,306.6,598.77,905.37,1
34,0,6,21,1,88.06,214.35,302.41,0
56,0,6,23,6,96.67,263.24,359.91,0
31,1,6,24,7,174.74,316.91,491.65,0
29,1,6,25,2,328.37,326.04,654.41,1
32,1,6,26,9,96.2,169.57,265.77,0
61,0,6,30,7,185.09,368.01,553.11,1
74,1,7,1,7,367.71,395.99,763.7,1
20,0,7,2,8,145.39,274.7,420.08,0
39,1,7,3,1,90.56,265.08,355.64,0
54,0,7,4,2,396.36,534.47,930.83,1
53,1,7,5,0,493.49,493.02,986.51,1
85,1,7,9,3,526.44,669.54,1195.98,1
20,0,7,10,9,101.35,232.57,333.92,0
43,1,7,11,5,218.53,227.89,446.42,0
52,0,7,15,7,236.21,400.85,637.06,0
56,0,7,16,4,141.75,208.12,349.87,0
31,1,7,17,1,126.22,244.58,370.8,0
43,1,7,20,9,143.7,226.38,370.08,0
30,0,7,21,9,181.19,245.21,426.41,0
35,1,7,22,1,103.46,146.65,250.11,0
55,0,7,23,2,361.28,599.13,960.41,1
49,0,7,24,9,168.5,252.72,421.22,0
25,1,7,26,8,142.34,324.82,467.16,0
44,0,7,27,9,108.41,279.92,388.33,0
24,1,7,28,6,101.28,122.76,224.04,0
61,1,7,29,7,293.83,418.75,712.59,0
64,0,7,30,3,448.5,576.05,1024.55,1
20,0,7,31,9,91.47,252.25,343.72,0
63,1,8,1,7,278.0,463.88,741.88,1
20,1,8,2,6,75.01,187.97,262.98,0
52,0,8,3,2,349.13,619.01,968.14,0
52,1,8,4,2,273.97,399.76,673.73,1
76,1,8,5,2,455.89,463.56,919.45,1
20,0,8,6,6,100.06,90.45,190.51,0
85,1,8,7,9,136.39,266.67,403.06,1
56,0,8,8,4,105.97,240.7,346.68,0
39,1,8,9,4,68.59,287.54,356.13,0
54,1,8,11,0,460.66,468.56,929.22,1
43,1,8,15,5,218.08,366.88,584.96,0
52,0,8,16,7,322.97,476.52,799.49,0
33,0,8,19,8,140.68,255.19,395.87,0
66,1,8,20,2,306.33,673.82,980.14,1
39,1,8,21,9,185.27,161.97,347.24,0
26,0,8,22,8,137.03,288.97,426.0,0
38,1,8,23,5,243.25,246.72,489.97,0
57,1,8,24,2,282.14,639.31,921.45,1
72,1,8,25,0,594.42,575.66,1170.09,1
46,1,8,26,4,54.19,161.74,215.94,0
20,1,8,27,8,166.64,245.26,411.9,0
71,1,8,28,3,511.04,854.83,1365.87,1
33,1,8,29,1,114.28,228.32,342.6,0
59,1,8,30,2,307.4,634.26,941.66,1
49,1,8,31,0,327.1,327.87,654.97,1
73,1,9,1,2,421.61,491.39,913.01,1
71,1,9,2,2,269.9,571.2,841.1,1
20,1,9,3,4,110.59,112.8,223.39,0
45,1,9,4,9,103.04,234.16,337.2,0
20,1,9,5,4,66.41,167.35,233.76,0
43,0,9,6,2,400.67,429.81,830.48,1
35,0,9,7,7,195.97,410.52,606.5,1
57,1,9,8,7,287.88,502.23,790.11,0
74,1,9,11,3,526.5,601.34,1127.84,1
32,1,9,12,8,158.58,329.71,488.29,0
49,1,9,13,4,67.61,239.92,307.53,0
45,0,9,14,4,71.91,232.69,304.59,0
22,1,9,15,4,131.87,170.62,302.49,0
45,0,9,16,5,234.36,246.79,481.15,0
51,1,9,17,4,54.2,271.28,325.48,0
72,0,9,18,3,510.61,880.62,1391.23,1
58,0,9,22,4,69.05,279.26,348.31,0
68,1,9,23,2,392.44,520.53,912.98,1
44,1,9,24,5,156.11,319.7,475.81,0
52,0,9,25,5,265.28,329.86,595.15,0
44,0,9,26,7,352.4,306.69,659.09,0
20,1,9,27,4,75.72,176.58,252.3,0
63,0,9,28,3,625.42,753.58,1379.01,1
51,0,9,29,2,310.56,378.62,689.18,1
